id,brand,name,price,cpu,cpu_cores,ram,gpu,gpu_vram,dedicated_gpu,cuda_support,weight,screen_size,screen_resolution,screen_quality_score,rating_avg,best_store,historical_low,historical_high,historical_avg,price_trend_tag,price_history_json,buy_url,amazon_url,description
1,ASUS,ASUS ROG Strix G16 (8GB RAM),1552,Intel Core i9-13980HX,24,8,NVIDIA RTX 4070,8,True,True,2.43,16.0,QHD (2560x1600),0.8,3.92,PC Componentes,1378,1745,1557,Precio regular (Prom: $1557 USD),"[1745, 1665, 1601, 1557, 1424, 1552]",https://www.pccomponentes.com/buscar/?query=laptop+ASUS+ROG+Strix+G16+8GB,https://www.amazon.com/s?k=ASUS+ROG+Strix+G16+8GB,"Laptop ASUS diseñada para uso tipo gaming con procesador Intel Core i9-13980HX, 8GB de memoria RAM y pantalla de 16.0 pulgadas."
2,ASUS,ASUS ROG Zephyrus G14 (8GB RAM),1848,AMD Ryzen 9 7940HS,8,8,NVIDIA RTX 4060,8,True,True,1.64,14.0,QHD (2560x1600),0.8,4.86,PC Componentes,1584,2029,1827,Precio regular (Prom: $1827 USD),"[2029, 1942, 1868, 1827, 1649, 1848]",https://www.pccomponentes.com/buscar/?query=laptop+ASUS+ROG+Zephyrus+G14+8GB,https://www.amazon.com/s?k=ASUS+ROG+Zephyrus+G14+8GB,"Laptop ASUS diseñada para uso tipo gaming_light con procesador AMD Ryzen 9 7940HS, 8GB de memoria RAM y pantalla de 14.0 pulgadas."
3,MSI,MSI Katana 15 (32GB RAM),1154,Intel Core i7-13620H,10,32,NVIDIA RTX 4060,8,True,True,2.35,15.6,FHD (1920x1080),0.65,4.18,Amazon.com,1059,1273,1160,1% por debajo del promedio ($1160 USD),"[1273, 1214, 1200, 1160, 1096, 1154]",https://www.amazon.com/s?k=MSI+Katana+15+32GB,https://www.amazon.com/s?k=MSI+Katana+15+32GB,"Laptop MSI diseñada para uso tipo gaming con procesador Intel Core i7-13620H, 32GB de memoria RAM y pantalla de 15.6 pulgadas."
4,MSI,MSI Raider GE78 (8GB RAM),3121,Intel Core i9-13950HX,24,8,NVIDIA RTX 4090,16,True,True,3.02,17.3,UHD/4K (3840x2160),0.95,4.43,Amazon.com,2638,3667,3137,1% por debajo del promedio ($3137 USD),"[3667, 3625, 3270, 3137, 2723, 3121]",https://www.amazon.com/s?k=MSI+Raider+GE78+8GB,https://www.amazon.com/s?k=MSI+Raider+GE78+8GB,"Laptop MSI diseñada para uso tipo gaming_ultra con procesador Intel Core i9-13950HX, 8GB de memoria RAM y pantalla de 17.3 pulgadas."
5,Lenovo,Lenovo Legion Pro 5 (32GB RAM),1564,AMD Ryzen 7 7745HX,8,32,NVIDIA RTX 4060,8,True,True,2.49,16.0,QHD (2560x1600),0.8,4.52,Falabella,1418,1716,1566,Precio regular (Prom: $1566 USD),"[1716, 1657, 1593, 1566, 1489, 1564]",https://www.falabella.com.pe/falabella-pe/search?Ntt=laptop+Lenovo+Legion+Pro+5+32GB,https://www.amazon.com/s?k=Lenovo+Legion+Pro+5+32GB,"Laptop Lenovo diseñada para uso tipo gaming con procesador AMD Ryzen 7 7745HX, 32GB de memoria RAM y pantalla de 16.0 pulgadas."
6,Lenovo,Lenovo Legion Slim 5 (16GB RAM),1202,AMD Ryzen 5 7640HS,6,16,NVIDIA RTX 4050,6,True,True,2.31,16.0,FHD (1920x1200),0.65,3.74,PC Componentes,1053,1346,1201,Precio regular (Prom: $1201 USD),"[1346, 1329, 1248, 1201, 1088, 1202]",https://www.pccomponentes.com/buscar/?query=laptop+Lenovo+Legion+Slim+5+16GB,https://www.amazon.com/s?k=Lenovo+Legion+Slim+5+16GB,"Laptop Lenovo diseñada para uso tipo gaming con procesador AMD Ryzen 5 7640HS, 16GB de memoria RAM y pantalla de 16.0 pulgadas."
7,Razer,Razer Blade 16 (16GB RAM),2991,Intel Core i9-13950HX,24,16,NVIDIA RTX 4080,12,True,True,2.38,16.0,QHD (2560x1600),0.8,4.09,Amazon.com,2577,3478,3009,1% por debajo del promedio ($3009 USD),"[3478, 3354, 3073, 3009, 2684, 2991]",https://www.amazon.com/s?k=Razer+Blade+16+16GB,https://www.amazon.com/s?k=Razer+Blade+16+16GB,"Laptop Razer diseñada para uso tipo gaming_ultra con procesador Intel Core i9-13950HX, 16GB de memoria RAM y pantalla de 16.0 pulgadas."
8,Acer,Acer Predator Helios 16 (8GB RAM),1577,Intel Core i7-13700HX,16,8,NVIDIA RTX 4070,8,True,True,2.66,16.0,QHD (2560x1600),0.8,3.72,Amazon.com,1374,1749,1569,Precio regular (Prom: $1569 USD),"[1749, 1663, 1597, 1569, 1441, 1577]",https://www.amazon.com/s?k=Acer+Predator+Helios+16+8GB,https://www.amazon.com/s?k=Acer+Predator+Helios+16+8GB,"Laptop Acer diseñada para uso tipo gaming con procesador Intel Core i7-13700HX, 8GB de memoria RAM y pantalla de 16.0 pulgadas."
9,Acer,Acer Nitro V 15 (16GB RAM),927,Intel Core i5-13420H,8,16,NVIDIA RTX 4050,6,True,True,2.07,15.6,FHD (1920x1080),0.65,4.13,Amazon.com,843,1059,939,1% por debajo del promedio ($939 USD),"[1059, 1020, 951, 939, 870, 927]",https://www.amazon.com/s?k=Acer+Nitro+V+15+16GB,https://www.amazon.com/s?k=Acer+Nitro+V+15+16GB,"Laptop Acer diseñada para uso tipo gaming_budget con procesador Intel Core i5-13420H, 16GB de memoria RAM y pantalla de 15.6 pulgadas."
10,HP,HP Victus 16 (16GB RAM),1013,Intel Core i7-13700H,14,16,NVIDIA RTX 4050,6,True,True,2.3,16.1,FHD (1920x1080),0.65,4.76,Amazon.com,861,1166,1013,Precio regular (Prom: $1013 USD),"[1166, 1143, 1046, 1013, 905, 1013]",https://www.amazon.com/s?k=HP+Victus+16+16GB,https://www.amazon.com/s?k=HP+Victus+16+16GB,"Laptop HP diseñada para uso tipo gaming con procesador Intel Core i7-13700H, 16GB de memoria RAM y pantalla de 16.1 pulgadas."
11,HP,HP Omen 16 (32GB RAM),1670,AMD Ryzen 7 7840HS,8,32,NVIDIA RTX 4070,8,True,True,2.33,16.1,QHD (2560x1440),0.8,3.83,Amazon.com,1430,1953,1681,1% por debajo del promedio ($1681 USD),"[1953, 1892, 1736, 1681, 1498, 1670]",https://www.amazon.com/s?k=HP+Omen+16+32GB,https://www.amazon.com/s?k=HP+Omen+16+32GB,"Laptop HP diseñada para uso tipo gaming con procesador AMD Ryzen 7 7840HS, 32GB de memoria RAM y pantalla de 16.1 pulgadas."
12,Gigabyte,Gigabyte G5 KF (32GB RAM),1062,Intel Core i5-12500H,12,32,NVIDIA RTX 4060,8,True,True,2.03,15.6,FHD (1920x1080),0.65,4.61,Amazon.com,899,1178,1050,Precio regular (Prom: $1050 USD),"[1178, 1127, 1100, 1050, 946, 1062]",https://www.amazon.com/s?k=Gigabyte+G5+KF+32GB,https://www.amazon.com/s?k=Gigabyte+G5+KF+32GB,"Laptop Gigabyte diseñada para uso tipo gaming_budget con procesador Intel Core i5-12500H, 32GB de memoria RAM y pantalla de 15.6 pulgadas."
13,Apple,Apple MacBook Air M3 (16GB RAM),1291,Apple M3,8,16,Apple M3 GPU (8-core),0,False,False,1.14,13.6,Retina (2560x1664),0.95,4.76,Amazon.com,1097,1440,1280,Precio regular (Prom: $1280 USD),"[1440, 1420, 1307, 1280, 1147, 1291]",https://www.amazon.com/s?k=Apple+MacBook+Air+M3+16GB,https://www.amazon.com/s?k=Apple+MacBook+Air+M3+16GB,"Laptop Apple diseñada para uso tipo premium con procesador Apple M3, 16GB de memoria RAM y pantalla de 13.6 pulgadas."
14,Apple,Apple MacBook Air M3 15 (24GB RAM),1367,Apple M3,8,24,Apple M3 GPU (10-core),0,False,False,1.47,15.3,Retina (2880x1864),0.95,3.71,Falabella,1194,1507,1359,Precio regular (Prom: $1359 USD),"[1507, 1439, 1391, 1359, 1263, 1367]",https://www.falabella.com.pe/falabella-pe/search?Ntt=laptop+Apple+MacBook+Air+M3+15+24GB,https://www.amazon.com/s?k=Apple+MacBook+Air+M3+15+24GB,"Laptop Apple diseñada para uso tipo premium con procesador Apple M3, 24GB de memoria RAM y pantalla de 15.3 pulgadas."
15,Apple,Apple MacBook Pro 14 M3 Max (18GB RAM),3092,Apple M3 Max,14,18,Apple M3 Max GPU (30-core),0,False,False,1.72,14.2,Liquid Retina XDR (3024x1964),0.95,4.18,Amazon.com,2660,3416,3065,Precio regular (Prom: $3065 USD),"[3416, 3340, 3183, 3065, 2729, 3092]",https://www.amazon.com/s?k=Apple+MacBook+Pro+14+M3+Max+18GB,https://www.amazon.com/s?k=Apple+MacBook+Pro+14+M3+Max+18GB,"Laptop Apple diseñada para uso tipo workstation_apple con procesador Apple M3 Max, 18GB de memoria RAM y pantalla de 14.2 pulgadas."
16,Apple,Apple MacBook Pro 16 M3 Pro (36GB RAM),2609,Apple M3 Pro,12,36,Apple M3 Pro GPU (18-core),0,False,False,2.24,16.2,Liquid Retina XDR (3456x2234),0.95,4.3,Amazon.com,2250,3055,2631,1% por debajo del promedio ($2631 USD),"[3055, 2932, 2673, 2631, 2339, 2609]",https://www.amazon.com/s?k=Apple+MacBook+Pro+16+M3+Pro+36GB,https://www.amazon.com/s?k=Apple+MacBook+Pro+16+M3+Pro+36GB,"Laptop Apple diseñada para uso tipo workstation_apple con procesador Apple M3 Pro, 36GB de memoria RAM y pantalla de 16.2 pulgadas."
17,Dell,Dell XPS 13 9315 (32GB RAM),1085,Intel Core i5-1230U,10,32,Intel Iris Xe,0,False,False,1.09,13.4,FHD (1920x1200),0.65,4.61,Amazon.com,975,1212,1089,Precio regular (Prom: $1089 USD),"[1212, 1182, 1127, 1089, 1015, 1085]",https://www.amazon.com/s?k=Dell+XPS+13+9315+32GB,https://www.amazon.com/s?k=Dell+XPS+13+9315+32GB,"Laptop Dell diseñada para uso tipo premium con procesador Intel Core i5-1230U, 32GB de memoria RAM y pantalla de 13.4 pulgadas."
18,Dell,Dell XPS 15 9530 (32GB RAM),2283,Intel Core i7-13700H,14,32,NVIDIA RTX 4060,8,True,True,1.95,15.6,OLED 3.5K (3456x2160),0.5,3.92,Amazon.com,2026,2620,2303,1% por debajo del promedio ($2303 USD),"[2620, 2491, 2373, 2303, 2085, 2283]",https://www.amazon.com/s?k=Dell+XPS+15+9530+32GB,https://www.amazon.com/s?k=Dell+XPS+15+9530+32GB,"Laptop Dell diseñada para uso tipo premium_work con procesador Intel Core i7-13700H, 32GB de memoria RAM y pantalla de 15.6 pulgadas."
19,Lenovo,Lenovo ThinkPad X1 Carbon Gen 11 (8GB RAM),1700,Intel Core i7-1365U,10,8,Intel Iris Xe,0,False,False,1.16,14.0,FHD (1920x1200),0.65,4.18,Falabella,1542,1951,1723,1% por debajo del promedio ($1723 USD),"[1951, 1911, 1755, 1723, 1606, 1700]",https://www.falabella.com.pe/falabella-pe/search?Ntt=laptop+Lenovo+ThinkPad+X1+Carbon+Gen+11+8GB,https://www.amazon.com/s?k=Lenovo+ThinkPad+X1+Carbon+Gen+11+8GB,"Laptop Lenovo diseñada para uso tipo premium_office con procesador Intel Core i7-1365U, 8GB de memoria RAM y pantalla de 14.0 pulgadas."
20,Lenovo,Lenovo Yoga Slim 7 (16GB RAM),917,AMD Ryzen 7 7840S,8,16,AMD Radeon 780M,0,False,False,1.29,14.5,3K (2944x1840),0.95,4.88,Falabella,789,1082,926,1% por debajo del promedio ($926 USD),"[1082, 1070, 956, 926, 833, 917]",https://www.falabella.com.pe/falabella-pe/search?Ntt=laptop+Lenovo+Yoga+Slim+7+16GB,https://www.amazon.com/s?k=Lenovo+Yoga+Slim+7+16GB,"Laptop Lenovo diseñada para uso tipo premium con procesador AMD Ryzen 7 7840S, 16GB de memoria RAM y pantalla de 14.5 pulgadas."
21,HP,HP Spectre x360 14 (32GB RAM),1493,Intel Core i7-1355U,10,32,Intel Iris Xe,0,False,False,1.44,14.0,OLED 3K (2880x1800),0.95,4.57,MercadoLibre,1360,1729,1519,2% por debajo del promedio ($1519 USD),"[1729, 1687, 1539, 1519, 1396, 1493]",https://listado.mercadolibre.com.pe/laptop-HP+Spectre+x360+14+32GB,https://www.amazon.com/s?k=HP+Spectre+x360+14+32GB,"Laptop HP diseñada para uso tipo premium con procesador Intel Core i7-1355U, 32GB de memoria RAM y pantalla de 14.0 pulgadas."
22,HP,HP Envy x360 15 (32GB RAM),937,AMD Ryzen 5 7530U,6,32,AMD Radeon Graphics,0,False,False,1.85,15.6,FHD (1920x1080),0.65,4.15,MercadoLibre,860,1039,943,1% por debajo del promedio ($943 USD),"[1039, 1000, 971, 943, 893, 937]",https://listado.mercadolibre.com.pe/laptop-HP+Envy+x360+15+32GB,https://www.amazon.com/s?k=HP+Envy+x360+15+32GB,"Laptop HP diseñada para uso tipo premium_budget con procesador AMD Ryzen 5 7530U, 32GB de memoria RAM y pantalla de 15.6 pulgadas."
23,ASUS,ASUS Zenbook 14 OLED (8GB RAM),821,Intel Core i7-1360P,12,8,Intel Iris Xe,0,False,False,1.39,14.0,OLED 2.8K (2880x1800),0.8,4.29,Amazon.com,714,948,826,1% por debajo del promedio ($826 USD),"[948, 928, 844, 826, 744, 821]",https://www.amazon.com/s?k=ASUS+Zenbook+14+OLED+8GB,https://www.amazon.com/s?k=ASUS+Zenbook+14+OLED+8GB,"Laptop ASUS diseñada para uso tipo premium con procesador Intel Core i7-1360P, 8GB de memoria RAM y pantalla de 14.0 pulgadas."
24,Acer,Acer Aspire 3 (12GB RAM),461,Intel Core i3-1215U,6,12,Intel UHD Graphics,0,False,False,1.72,15.6,FHD (1920x1080),0.65,3.99,MercadoLibre,402,539,466,1% por debajo del promedio ($466 USD),"[539, 526, 485, 466, 418, 461]",https://listado.mercadolibre.com.pe/laptop-Acer+Aspire+3+12GB,https://www.amazon.com/s?k=Acer+Aspire+3+12GB,"Laptop Acer diseñada para uso tipo budget con procesador Intel Core i3-1215U, 12GB de memoria RAM y pantalla de 15.6 pulgadas."
25,Acer,Acer Aspire 5 (8GB RAM),560,AMD Ryzen 5 7520U,4,8,AMD Radeon 610M,0,False,False,1.76,15.6,FHD (1920x1080),0.65,3.98,Amazon.com,496,648,566,1% por debajo del promedio ($566 USD),"[648, 617, 594, 566, 515, 560]",https://www.amazon.com/s?k=Acer+Aspire+5+8GB,https://www.amazon.com/s?k=Acer+Aspire+5+8GB,"Laptop Acer diseñada para uso tipo budget con procesador AMD Ryzen 5 7520U, 8GB de memoria RAM y pantalla de 15.6 pulgadas."
26,Lenovo,Lenovo IdeaPad Slim 3 (8GB RAM),526,Intel Core i5-12450H,8,8,Intel UHD Graphics,0,False,False,1.56,15.6,FHD (1920x1080),0.65,4.84,Amazon.com,465,598,529,1% por debajo del promedio ($529 USD),"[598, 592, 536, 529, 480, 526]",https://www.amazon.com/s?k=Lenovo+IdeaPad+Slim+3+8GB,https://www.amazon.com/s?k=Lenovo+IdeaPad+Slim+3+8GB,"Laptop Lenovo diseñada para uso tipo budget con procesador Intel Core i5-12450H, 8GB de memoria RAM y pantalla de 15.6 pulgadas."
27,Lenovo,Lenovo IdeaPad Flex 5 (32GB RAM),740,AMD Ryzen 7 7730U,8,32,AMD Radeon Graphics,0,False,False,1.65,14.0,FHD (1920x1200),0.65,3.9,Falabella,677,851,752,2% por debajo del promedio ($752 USD),"[851, 828, 762, 752, 707, 740]",https://www.falabella.com.pe/falabella-pe/search?Ntt=laptop+Lenovo+IdeaPad+Flex+5+32GB,https://www.amazon.com/s?k=Lenovo+IdeaPad+Flex+5+32GB,"Laptop Lenovo diseñada para uso tipo budget_office con procesador AMD Ryzen 7 7730U, 32GB de memoria RAM y pantalla de 14.0 pulgadas."
28,HP,HP 15-dy2095la (16GB RAM),465,Intel Core i5-1135G7,4,16,Intel Iris Xe,0,False,False,1.67,15.6,FHD (1920x1080),0.65,4.05,Amazon.com,422,509,465,Precio regular (Prom: $465 USD),"[509, 498, 480, 465, 435, 465]",https://www.amazon.com/s?k=HP+15-dy2095la+16GB,https://www.amazon.com/s?k=HP+15-dy2095la+16GB,"Laptop HP diseñada para uso tipo budget con procesador Intel Core i5-1135G7, 16GB de memoria RAM y pantalla de 15.6 pulgadas."
29,Dell,Dell Inspiron 15 3520 (8GB RAM),486,Intel Core i5-1235U,10,8,Intel UHD Graphics,0,False,False,1.73,15.6,FHD (1920x1080),0.65,3.8,Amazon.com,433,534,485,Precio regular (Prom: $485 USD),"[534, 509, 498, 485, 443, 486]",https://www.amazon.com/s?k=Dell+Inspiron+15+3520+8GB,https://www.amazon.com/s?k=Dell+Inspiron+15+3520+8GB,"Laptop Dell diseñada para uso tipo budget con procesador Intel Core i5-1235U, 8GB de memoria RAM y pantalla de 15.6 pulgadas."
30,ASUS,ASUS Vivobook 15 (12GB RAM),444,Intel Core i3-1220P,10,12,Intel UHD Graphics,0,False,False,1.61,15.6,FHD (1920x1080),0.65,3.81,Falabella,374,500,440,Precio regular (Prom: $440 USD),"[500, 486, 449, 440, 390, 444]",https://www.falabella.com.pe/falabella-pe/search?Ntt=laptop+ASUS+Vivobook+15+12GB,https://www.amazon.com/s?k=ASUS+Vivobook+15+12GB,"Laptop ASUS diseñada para uso tipo budget con procesador Intel Core i3-1220P, 12GB de memoria RAM y pantalla de 15.6 pulgadas."
31,ASUS,ASUS ROG Strix G16 (16GB RAM),1484,Intel Core i9-13980HX,24,16,NVIDIA RTX 4070,8,True,True,2.57,16.0,QHD (2560x1600),0.8,4.06,Falabella,1285,1726,1495,1% por debajo del promedio ($1495 USD),"[1726, 1658, 1568, 1495, 1334, 1484]",https://www.falabella.com.pe/falabella-pe/search?Ntt=laptop+ASUS+ROG+Strix+G16+16GB,https://www.amazon.com/s?k=ASUS+ROG+Strix+G16+16GB,"Laptop ASUS diseñada para uso tipo gaming con procesador Intel Core i9-13980HX, 16GB de memoria RAM y pantalla de 16.0 pulgadas."
32,ASUS,ASUS ROG Zephyrus G14 (16GB RAM),1726,AMD Ryzen 9 7940HS,8,16,NVIDIA RTX 4060,8,True,True,1.6,14.0,QHD (2560x1600),0.8,4.35,Falabella,1550,2033,1759,2% por debajo del promedio ($1759 USD),"[2033, 1973, 1799, 1759, 1630, 1726]",https://www.falabella.com.pe/falabella-pe/search?Ntt=laptop+ASUS+ROG+Zephyrus+G14+16GB,https://www.amazon.com/s?k=ASUS+ROG+Zephyrus+G14+16GB,"Laptop ASUS diseñada para uso tipo gaming_light con procesador AMD Ryzen 9 7940HS, 16GB de memoria RAM y pantalla de 14.0 pulgadas."
33,MSI,MSI Katana 15 (32GB RAM),1189,Intel Core i7-13620H,10,32,NVIDIA RTX 4060,8,True,True,2.24,15.6,FHD (1920x1080),0.65,4.0,Amazon.com,1006,1335,1180,Precio regular (Prom: $1180 USD),"[1335, 1305, 1195, 1180, 1063, 1189]",https://www.amazon.com/s?k=MSI+Katana+15+32GB,https://www.amazon.com/s?k=MSI+Katana+15+32GB,"Laptop MSI diseñada para uso tipo gaming con procesador Intel Core i7-13620H, 32GB de memoria RAM y pantalla de 15.6 pulgadas."
34,MSI,MSI Raider GE78 (16GB RAM),3020,Intel Core i9-13950HX,24,16,NVIDIA RTX 4090,16,True,True,3.08,17.3,UHD/4K (3840x2160),0.95,4.56,Falabella,2604,3550,3048,1% por debajo del promedio ($3048 USD),"[3550, 3477, 3146, 3048, 2720, 3020]",https://www.falabella.com.pe/falabella-pe/search?Ntt=laptop+MSI+Raider+GE78+16GB,https://www.amazon.com/s?k=MSI+Raider+GE78+16GB,"Laptop MSI diseñada para uso tipo gaming_ultra con procesador Intel Core i9-13950HX, 16GB de memoria RAM y pantalla de 17.3 pulgadas."
35,Lenovo,Lenovo Legion Pro 5 (32GB RAM),1435,AMD Ryzen 7 7745HX,8,32,NVIDIA RTX 4060,8,True,True,2.49,16.0,QHD (2560x1600),0.8,4.61,Amazon.com,1219,1556,1411,Precio regular (Prom: $1411 USD),"[1556, 1481, 1473, 1411, 1278, 1435]",https://www.amazon.com/s?k=Lenovo+Legion+Pro+5+32GB,https://www.amazon.com/s?k=Lenovo+Legion+Pro+5+32GB,"Laptop Lenovo diseñada para uso tipo gaming con procesador AMD Ryzen 7 7745HX, 32GB de memoria RAM y pantalla de 16.0 pulgadas."
36,Lenovo,Lenovo Legion Slim 5 (8GB RAM),1137,AMD Ryzen 5 7640HS,6,8,NVIDIA RTX 4050,6,True,True,2.27,16.0,FHD (1920x1200),0.65,4.27,Amazon.com,995,1273,1136,Precio regular (Prom: $1136 USD),"[1273, 1241, 1176, 1136, 1017, 1137]",https://www.amazon.com/s?k=Lenovo+Legion+Slim+5+8GB,https://www.amazon.com/s?k=Lenovo+Legion+Slim+5+8GB,"Laptop Lenovo diseñada para uso tipo gaming con procesador AMD Ryzen 5 7640HS, 8GB de memoria RAM y pantalla de 16.0 pulgadas."
37,Razer,Razer Blade 16 (16GB RAM),3052,Intel Core i9-13950HX,24,16,NVIDIA RTX 4080,12,True,True,2.48,16.0,QHD (2560x1600),0.8,4.3,Falabella,2731,3484,3080,1% por debajo del promedio ($3080 USD),"[3484, 3441, 3227, 3080, 2880, 3052]",https://www.falabella.com.pe/falabella-pe/search?Ntt=laptop+Razer+Blade+16+16GB,https://www.amazon.com/s?k=Razer+Blade+16+16GB,"Laptop Razer diseñada para uso tipo gaming_ultra con procesador Intel Core i9-13950HX, 16GB de memoria RAM y pantalla de 16.0 pulgadas."
38,Acer,Acer Predator Helios 16 (16GB RAM),1620,Intel Core i7-13700HX,16,16,NVIDIA RTX 4070,8,True,True,2.54,16.0,QHD (2560x1600),0.8,4.39,Amazon.com,1466,1883,1647,2% por debajo del promedio ($1647 USD),"[1883, 1836, 1718, 1647, 1534, 1620]",https://www.amazon.com/s?k=Acer+Predator+Helios+16+16GB,https://www.amazon.com/s?k=Acer+Predator+Helios+16+16GB,"Laptop Acer diseñada para uso tipo gaming con procesador Intel Core i7-13700HX, 16GB de memoria RAM y pantalla de 16.0 pulgadas."
39,Acer,Acer Nitro V 15 (32GB RAM),946,Intel Core i5-13420H,8,32,NVIDIA RTX 4050,6,True,True,2.07,15.6,FHD (1920x1080),0.65,4.15,Amazon.com,841,1054,947,Precio regular (Prom: $947 USD),"[1054, 1029, 971, 947, 881, 946]",https://www.amazon.com/s?k=Acer+Nitro+V+15+32GB,https://www.amazon.com/s?k=Acer+Nitro+V+15+32GB,"Laptop Acer diseñada para uso tipo gaming_budget con procesador Intel Core i5-13420H, 32GB de memoria RAM y pantalla de 15.6 pulgadas."
40,HP,HP Victus 16 (32GB RAM),1001,Intel Core i7-13700H,14,32,NVIDIA RTX 4050,6,True,True,2.24,16.1,FHD (1920x1080),0.65,3.84,Falabella,891,1169,1016,1% por debajo del promedio ($1016 USD),"[1169, 1145, 1059, 1016, 919, 1001]",https://www.falabella.com.pe/falabella-pe/search?Ntt=laptop+HP+Victus+16+32GB,https://www.amazon.com/s?k=HP+Victus+16+32GB,"Laptop HP diseñada para uso tipo gaming con procesador Intel Core i7-13700H, 32GB de memoria RAM y pantalla de 16.1 pulgadas."
41,HP,HP Omen 16 (32GB RAM),1744,AMD Ryzen 7 7840HS,8,32,NVIDIA RTX 4070,8,True,True,2.39,16.1,QHD (2560x1440),0.8,4.89,Amazon.com,1517,2019,1756,1% por debajo del promedio ($1756 USD),"[2019, 1946, 1839, 1756, 1599, 1744]",https://www.amazon.com/s?k=HP+Omen+16+32GB,https://www.amazon.com/s?k=HP+Omen+16+32GB,"Laptop HP diseñada para uso tipo gaming con procesador AMD Ryzen 7 7840HS, 32GB de memoria RAM y pantalla de 16.1 pulgadas."
42,Gigabyte,Gigabyte G5 KF (8GB RAM),963,Intel Core i5-12500H,12,8,NVIDIA RTX 4060,8,True,True,1.91,15.6,FHD (1920x1080),0.65,3.99,Amazon.com,850,1088,966,Precio regular (Prom: $966 USD),"[1088, 1051, 987, 966, 870, 963]",https://www.amazon.com/s?k=Gigabyte+G5+KF+8GB,https://www.amazon.com/s?k=Gigabyte+G5+KF+8GB,"Laptop Gigabyte diseñada para uso tipo gaming_budget con procesador Intel Core i5-12500H, 8GB de memoria RAM y pantalla de 15.6 pulgadas."
43,Apple,Apple MacBook Air M3 (24GB RAM),1401,Apple M3,8,24,Apple M3 GPU (8-core),0,False,False,1.2,13.6,Retina (2560x1664),0.95,3.81,Amazon.com,1283,1646,1433,2% por debajo del promedio ($1433 USD),"[1646, 1601, 1484, 1433, 1332, 1401]",https://www.amazon.com/s?k=Apple+MacBook+Air+M3+24GB,https://www.amazon.com/s?k=Apple+MacBook+Air+M3+24GB,"Laptop Apple diseñada para uso tipo premium con procesador Apple M3, 24GB de memoria RAM y pantalla de 13.6 pulgadas."
44,Apple,Apple MacBook Air M3 15 (24GB RAM),1360,Apple M3,8,24,Apple M3 GPU (10-core),0,False,False,1.42,15.3,Retina (2880x1864),0.95,3.96,MercadoLibre,1227,1484,1358,Precio regular (Prom: $1358 USD),"[1484, 1465, 1425, 1358, 1300, 1360]",https://listado.mercadolibre.com.pe/laptop-Apple+MacBook+Air+M3+15+24GB,https://www.amazon.com/s?k=Apple+MacBook+Air+M3+15+24GB,"Laptop Apple diseñada para uso tipo premium con procesador Apple M3, 24GB de memoria RAM y pantalla de 15.3 pulgadas."
45,Apple,Apple MacBook Pro 14 M3 Max (18GB RAM),3224,Apple M3 Max,14,18,Apple M3 Max GPU (30-core),0,False,False,1.66,14.2,Liquid Retina XDR (3024x1964),0.95,4.12,Amazon.com,2745,3727,3230,Precio regular (Prom: $3230 USD),"[3727, 3633, 3275, 3230, 2809, 3224]",https://www.amazon.com/s?k=Apple+MacBook+Pro+14+M3+Max+18GB,https://www.amazon.com/s?k=Apple+MacBook+Pro+14+M3+Max+18GB,"Laptop Apple diseñada para uso tipo workstation_apple con procesador Apple M3 Max, 18GB de memoria RAM y pantalla de 14.2 pulgadas."
46,Apple,Apple MacBook Pro 16 M3 Pro (36GB RAM),2505,Apple M3 Pro,12,36,Apple M3 Pro GPU (18-core),0,False,False,2.09,16.2,Liquid Retina XDR (3456x2234),0.95,4.77,Amazon.com,2207,2764,2495,Precio regular (Prom: $2495 USD),"[2764, 2690, 2606, 2495, 2329, 2505]",https://www.amazon.com/s?k=Apple+MacBook+Pro+16+M3+Pro+36GB,https://www.amazon.com/s?k=Apple+MacBook+Pro+16+M3+Pro+36GB,"Laptop Apple diseñada para uso tipo workstation_apple con procesador Apple M3 Pro, 36GB de memoria RAM y pantalla de 16.2 pulgadas."
47,Dell,Dell XPS 13 9315 (8GB RAM),1102,Intel Core i5-1230U,10,8,Intel Iris Xe,0,False,False,1.09,13.4,FHD (1920x1200),0.65,4.6,Amazon.com,933,1276,1103,Precio regular (Prom: $1103 USD),"[1276, 1241, 1133, 1103, 985, 1102]",https://www.amazon.com/s?k=Dell+XPS+13+9315+8GB,https://www.amazon.com/s?k=Dell+XPS+13+9315+8GB,"Laptop Dell diseñada para uso tipo premium con procesador Intel Core i5-1230U, 8GB de memoria RAM y pantalla de 13.4 pulgadas."
48,Dell,Dell XPS 15 9530 (8GB RAM),2017,Intel Core i7-13700H,14,8,NVIDIA RTX 4060,8,True,True,1.87,15.6,OLED 3.5K (3456x2160),0.5,4.19,Falabella,1814,2333,2045,1% por debajo del promedio ($2045 USD),"[2333, 2293, 2126, 2045, 1900, 2017]",https://www.falabella.com.pe/falabella-pe/search?Ntt=laptop+Dell+XPS+15+9530+8GB,https://www.amazon.com/s?k=Dell+XPS+15+9530+8GB,"Laptop Dell diseñada para uso tipo premium_work con procesador Intel Core i7-13700H, 8GB de memoria RAM y pantalla de 15.6 pulgadas."
49,Lenovo,Lenovo ThinkPad X1 Carbon Gen 11 (8GB RAM),1780,Intel Core i7-1365U,10,8,Intel Iris Xe,0,False,False,1.03,14.0,FHD (1920x1200),0.65,3.8,Falabella,1557,2065,1796,1% por debajo del promedio ($1796 USD),"[2065, 2043, 1854, 1796, 1608, 1780]",https://www.falabella.com.pe/falabella-pe/search?Ntt=laptop+Lenovo+ThinkPad+X1+Carbon+Gen+11+8GB,https://www.amazon.com/s?k=Lenovo+ThinkPad+X1+Carbon+Gen+11+8GB,"Laptop Lenovo diseñada para uso tipo premium_office con procesador Intel Core i7-1365U, 8GB de memoria RAM y pantalla de 14.0 pulgadas."
50,Lenovo,Lenovo Yoga Slim 7 (8GB RAM),1005,AMD Ryzen 7 7840S,8,8,AMD Radeon 780M,0,False,False,1.39,14.5,3K (2944x1840),0.95,4.0,Falabella,850,1102,990,Precio regular (Prom: $990 USD),"[1102, 1056, 1012, 990, 901, 1005]",https://www.falabella.com.pe/falabella-pe/search?Ntt=laptop+Lenovo+Yoga+Slim+7+8GB,https://www.amazon.com/s?k=Lenovo+Yoga+Slim+7+8GB,"Laptop Lenovo diseñada para uso tipo premium con procesador AMD Ryzen 7 7840S, 8GB de memoria RAM y pantalla de 14.5 pulgadas."
51,HP,HP Spectre x360 14 (32GB RAM),1525,Intel Core i7-1355U,10,32,Intel Iris Xe,0,False,False,1.3,14.0,OLED 3K (2880x1800),0.95,3.75,Amazon.com,1397,1783,1558,2% por debajo del promedio ($1558 USD),"[1783, 1726, 1612, 1558, 1440, 1525]",https://www.amazon.com/s?k=HP+Spectre+x360+14+32GB,https://www.amazon.com/s?k=HP+Spectre+x360+14+32GB,"Laptop HP diseñada para uso tipo premium con procesador Intel Core i7-1355U, 32GB de memoria RAM y pantalla de 14.0 pulgadas."
52,HP,HP Envy x360 15 (16GB RAM),830,AMD Ryzen 5 7530U,6,16,AMD Radeon Graphics,0,False,False,1.73,15.6,FHD (1920x1080),0.65,3.98,Amazon.com,721,918,825,Precio regular (Prom: $825 USD),"[918, 889, 834, 825, 743, 830]",https://www.amazon.com/s?k=HP+Envy+x360+15+16GB,https://www.amazon.com/s?k=HP+Envy+x360+15+16GB,"Laptop HP diseñada para uso tipo premium_budget con procesador AMD Ryzen 5 7530U, 16GB de memoria RAM y pantalla de 15.6 pulgadas."
53,ASUS,ASUS Zenbook 14 OLED (8GB RAM),895,Intel Core i7-1360P,12,8,Intel Iris Xe,0,False,False,1.47,14.0,OLED 2.8K (2880x1800),0.8,3.86,Amazon.com,819,1004,903,1% por debajo del promedio ($903 USD),"[1004, 977, 945, 903, 838, 895]",https://www.amazon.com/s?k=ASUS+Zenbook+14+OLED+8GB,https://www.amazon.com/s?k=ASUS+Zenbook+14+OLED+8GB,"Laptop ASUS diseñada para uso tipo premium con procesador Intel Core i7-1360P, 8GB de memoria RAM y pantalla de 14.0 pulgadas."
54,Acer,Acer Aspire 3 (8GB RAM),433,Intel Core i3-1215U,6,8,Intel UHD Graphics,0,False,False,1.79,15.6,FHD (1920x1080),0.65,3.73,Amazon.com,392,510,442,2% por debajo del promedio ($442 USD),"[510, 488, 457, 442, 406, 433]",https://www.amazon.com/s?k=Acer+Aspire+3+8GB,https://www.amazon.com/s?k=Acer+Aspire+3+8GB,"Laptop Acer diseñada para uso tipo budget con procesador Intel Core i3-1215U, 8GB de memoria RAM y pantalla de 15.6 pulgadas."
55,Acer,Acer Aspire 5 (8GB RAM),599,AMD Ryzen 5 7520U,4,8,AMD Radeon 610M,0,False,False,1.85,15.6,FHD (1920x1080),0.65,3.78,Amazon.com,510,648,589,Precio regular (Prom: $589 USD),"[648, 618, 611, 589, 531, 599]",https://www.amazon.com/s?k=Acer+Aspire+5+8GB,https://www.amazon.com/s?k=Acer+Aspire+5+8GB,"Laptop Acer diseñada para uso tipo budget con procesador AMD Ryzen 5 7520U, 8GB de memoria RAM y pantalla de 15.6 pulgadas."
56,Lenovo,Lenovo IdeaPad Slim 3 (16GB RAM),573,Intel Core i5-12450H,8,16,Intel UHD Graphics,0,False,False,1.64,15.6,FHD (1920x1080),0.65,4.62,MercadoLibre,520,633,575,Precio regular (Prom: $575 USD),"[633, 613, 584, 575, 550, 573]",https://listado.mercadolibre.com.pe/laptop-Lenovo+IdeaPad+Slim+3+16GB,https://www.amazon.com/s?k=Lenovo+IdeaPad+Slim+3+16GB,"Laptop Lenovo diseñada para uso tipo budget con procesador Intel Core i5-12450H, 16GB de memoria RAM y pantalla de 15.6 pulgadas."
57,Lenovo,Lenovo IdeaPad Flex 5 (8GB RAM),618,AMD Ryzen 7 7730U,8,8,AMD Radeon Graphics,0,False,False,1.51,14.0,FHD (1920x1200),0.65,4.61,Amazon.com,532,669,609,Precio regular (Prom: $609 USD),"[669, 649, 627, 609, 560, 618]",https://www.amazon.com/s?k=Lenovo+IdeaPad+Flex+5+8GB,https://www.amazon.com/s?k=Lenovo+IdeaPad+Flex+5+8GB,"Laptop Lenovo diseñada para uso tipo budget_office con procesador AMD Ryzen 7 7730U, 8GB de memoria RAM y pantalla de 14.0 pulgadas."
58,HP,HP 15-dy2095la (8GB RAM),487,Intel Core i5-1135G7,4,8,Intel Iris Xe,0,False,False,1.75,15.6,FHD (1920x1080),0.65,3.81,PC Componentes,432,549,489,Precio regular (Prom: $489 USD),"[549, 531, 509, 489, 452, 487]",https://www.pccomponentes.com/buscar/?query=laptop+HP+15-dy2095la+8GB,https://www.amazon.com/s?k=HP+15-dy2095la+8GB,"Laptop HP diseñada para uso tipo budget con procesador Intel Core i5-1135G7, 8GB de memoria RAM y pantalla de 15.6 pulgadas."
59,Dell,Dell Inspiron 15 3520 (12GB RAM),572,Intel Core i5-1235U,10,12,Intel UHD Graphics,0,False,False,1.71,15.6,FHD (1920x1080),0.65,4.12,Falabella,498,643,571,Precio regular (Prom: $571 USD),"[643, 634, 585, 571, 518, 572]",https://www.falabella.com.pe/falabella-pe/search?Ntt=laptop+Dell+Inspiron+15+3520+12GB,https://www.amazon.com/s?k=Dell+Inspiron+15+3520+12GB,"Laptop Dell diseñada para uso tipo budget con procesador Intel Core i5-1235U, 12GB de memoria RAM y pantalla de 15.6 pulgadas."
60,ASUS,ASUS Vivobook 15 (16GB RAM),500,Intel Core i3-1220P,10,16,Intel UHD Graphics,0,False,False,1.61,15.6,FHD (1920x1080),0.65,4.33,Falabella,452,563,504,1% por debajo del promedio ($504 USD),"[563, 554, 525, 504, 462, 500]",https://www.falabella.com.pe/falabella-pe/search?Ntt=laptop+ASUS+Vivobook+15+16GB,https://www.amazon.com/s?k=ASUS+Vivobook+15+16GB,"Laptop ASUS diseñada para uso tipo budget con procesador Intel Core i3-1220P, 16GB de memoria RAM y pantalla de 15.6 pulgadas."
61,ASUS,ASUS ROG Strix G16 (16GB RAM),1671,Intel Core i9-13980HX,24,16,NVIDIA RTX 4070,8,True,True,2.43,16.0,QHD (2560x1600),0.8,4.09,Falabella,1436,1817,1649,Precio regular (Prom: $1649 USD),"[1817, 1736, 1674, 1649, 1473, 1671]",https://www.falabella.com.pe/falabella-pe/search?Ntt=laptop+ASUS+ROG+Strix+G16+16GB,https://www.amazon.com/s?k=ASUS+ROG+Strix+G16+16GB,"Laptop ASUS diseñada para uso tipo gaming con procesador Intel Core i9-13980HX, 16GB de memoria RAM y pantalla de 16.0 pulgadas."
62,ASUS,ASUS ROG Zephyrus G14 (8GB RAM),1845,AMD Ryzen 9 7940HS,8,8,NVIDIA RTX 4060,8,True,True,1.61,14.0,QHD (2560x1600),0.8,4.78,Amazon.com,1648,2024,1840,Precio regular (Prom: $1840 USD),"[2024, 1938, 1861, 1840, 1692, 1845]",https://www.amazon.com/s?k=ASUS+ROG+Zephyrus+G14+8GB,https://www.amazon.com/s?k=ASUS+ROG+Zephyrus+G14+8GB,"Laptop ASUS diseñada para uso tipo gaming_light con procesador AMD Ryzen 9 7940HS, 8GB de memoria RAM y pantalla de 14.0 pulgadas."
63,MSI,MSI Katana 15 (8GB RAM),1013,Intel Core i7-13620H,10,8,NVIDIA RTX 4060,8,True,True,2.17,15.6,FHD (1920x1080),0.65,4.36,Falabella,880,1185,1023,1% por debajo del promedio ($1023 USD),"[1185, 1132, 1047, 1023, 909, 1013]",https://www.falabella.com.pe/falabella-pe/search?Ntt=laptop+MSI+Katana+15+8GB,https://www.amazon.com/s?k=MSI+Katana+15+8GB,"Laptop MSI diseñada para uso tipo gaming con procesador Intel Core i7-13620H, 8GB de memoria RAM y pantalla de 15.6 pulgadas."
64,MSI,MSI Raider GE78 (16GB RAM),3171,Intel Core i9-13950HX,24,16,NVIDIA RTX 4090,16,True,True,3.04,17.3,UHD/4K (3840x2160),0.95,3.8,MercadoLibre,2897,3444,3171,Precio regular (Prom: $3171 USD),"[3444, 3310, 3305, 3171, 3042, 3171]",https://listado.mercadolibre.com.pe/laptop-MSI+Raider+GE78+16GB,https://www.amazon.com/s?k=MSI+Raider+GE78+16GB,"Laptop MSI diseñada para uso tipo gaming_ultra con procesador Intel Core i9-13950HX, 16GB de memoria RAM y pantalla de 17.3 pulgadas."
65,Lenovo,Lenovo Legion Pro 5 (32GB RAM),1424,AMD Ryzen 7 7745HX,8,32,NVIDIA RTX 4060,8,True,True,2.43,16.0,QHD (2560x1600),0.8,4.81,Amazon.com,1283,1614,1436,1% por debajo del promedio ($1436 USD),"[1614, 1580, 1454, 1436, 1316, 1424]",https://www.amazon.com/s?k=Lenovo+Legion+Pro+5+32GB,https://www.amazon.com/s?k=Lenovo+Legion+Pro+5+32GB,"Laptop Lenovo diseñada para uso tipo gaming con procesador AMD Ryzen 7 7745HX, 32GB de memoria RAM y pantalla de 16.0 pulgadas."
66,Lenovo,Lenovo Legion Slim 5 (32GB RAM),1406,AMD Ryzen 5 7640HS,6,32,NVIDIA RTX 4050,6,True,True,2.28,16.0,FHD (1920x1200),0.65,4.31,Falabella,1193,1581,1396,Precio regular (Prom: $1396 USD),"[1581, 1536, 1423, 1396, 1230, 1406]",https://www.falabella.com.pe/falabella-pe/search?Ntt=laptop+Lenovo+Legion+Slim+5+32GB,https://www.amazon.com/s?k=Lenovo+Legion+Slim+5+32GB,"Laptop Lenovo diseñada para uso tipo gaming con procesador AMD Ryzen 5 7640HS, 32GB de memoria RAM y pantalla de 16.0 pulgadas."
67,Razer,Razer Blade 16 (8GB RAM),2661,Intel Core i9-13950HX,24,8,NVIDIA RTX 4080,12,True,True,2.48,16.0,QHD (2560x1600),0.8,4.71,Amazon.com,2349,2936,2652,Precio regular (Prom: $2652 USD),"[2936, 2829, 2729, 2652, 2429, 2661]",https://www.amazon.com/s?k=Razer+Blade+16+8GB,https://www.amazon.com/s?k=Razer+Blade+16+8GB,"Laptop Razer diseñada para uso tipo gaming_ultra con procesador Intel Core i9-13950HX, 8GB de memoria RAM y pantalla de 16.0 pulgadas."
68,Acer,Acer Predator Helios 16 (32GB RAM),1605,Intel Core i7-13700HX,16,32,NVIDIA RTX 4070,8,True,True,2.62,16.0,QHD (2560x1600),0.8,4.58,Falabella,1424,1824,1614,1% por debajo del promedio ($1614 USD),"[1824, 1760, 1652, 1614, 1504, 1605]",https://www.falabella.com.pe/falabella-pe/search?Ntt=laptop+Acer+Predator+Helios+16+32GB,https://www.amazon.com/s?k=Acer+Predator+Helios+16+32GB,"Laptop Acer diseñada para uso tipo gaming con procesador Intel Core i7-13700HX, 32GB de memoria RAM y pantalla de 16.0 pulgadas."
69,Acer,Acer Nitro V 15 (32GB RAM),940,Intel Core i5-13420H,8,32,NVIDIA RTX 4050,6,True,True,2.04,15.6,FHD (1920x1080),0.65,4.88,Falabella,807,1025,928,Precio regular (Prom: $928 USD),"[1025, 980, 946, 928, 828, 940]",https://www.falabella.com.pe/falabella-pe/search?Ntt=laptop+Acer+Nitro+V+15+32GB,https://www.amazon.com/s?k=Acer+Nitro+V+15+32GB,"Laptop Acer diseñada para uso tipo gaming_budget con procesador Intel Core i5-13420H, 32GB de memoria RAM y pantalla de 15.6 pulgadas."
70,HP,HP Victus 16 (32GB RAM),1006,Intel Core i7-13700H,14,32,NVIDIA RTX 4050,6,True,True,2.32,16.1,FHD (1920x1080),0.65,3.77,PC Componentes,849,1088,987,Precio regular (Prom: $987 USD),"[1088, 1064, 1036, 987, 896, 1006]",https://www.pccomponentes.com/buscar/?query=laptop+HP+Victus+16+32GB,https://www.amazon.com/s?k=HP+Victus+16+32GB,"Laptop HP diseñada para uso tipo gaming con procesador Intel Core i7-13700H, 32GB de memoria RAM y pantalla de 16.1 pulgadas."
71,HP,HP Omen 16 (32GB RAM),1799,AMD Ryzen 7 7840HS,8,32,NVIDIA RTX 4070,8,True,True,2.36,16.1,QHD (2560x1440),0.8,4.68,Amazon.com,1536,2063,1799,Precio regular (Prom: $1799 USD),"[2063, 2037, 1857, 1799, 1602, 1799]",https://www.amazon.com/s?k=HP+Omen+16+32GB,https://www.amazon.com/s?k=HP+Omen+16+32GB,"Laptop HP diseñada para uso tipo gaming con procesador AMD Ryzen 7 7840HS, 32GB de memoria RAM y pantalla de 16.1 pulgadas."
72,Gigabyte,Gigabyte G5 KF (16GB RAM),1009,Intel Core i5-12500H,12,16,NVIDIA RTX 4060,8,True,True,1.92,15.6,FHD (1920x1080),0.65,4.86,PC Componentes,864,1164,1012,Precio regular (Prom: $1012 USD),"[1164, 1130, 1051, 1012, 908, 1009]",https://www.pccomponentes.com/buscar/?query=laptop+Gigabyte+G5+KF+16GB,https://www.amazon.com/s?k=Gigabyte+G5+KF+16GB,"Laptop Gigabyte diseñada para uso tipo gaming_budget con procesador Intel Core i5-12500H, 16GB de memoria RAM y pantalla de 15.6 pulgadas."
73,Apple,Apple MacBook Air M3 (24GB RAM),1287,Apple M3,8,24,Apple M3 GPU (8-core),0,False,False,1.2,13.6,Retina (2560x1664),0.95,4.28,Falabella,1086,1433,1273,Precio regular (Prom: $1273 USD),"[1433, 1369, 1289, 1273, 1151, 1287]",https://www.falabella.com.pe/falabella-pe/search?Ntt=laptop+Apple+MacBook+Air+M3+24GB,https://www.amazon.com/s?k=Apple+MacBook+Air+M3+24GB,"Laptop Apple diseñada para uso tipo premium con procesador Apple M3, 24GB de memoria RAM y pantalla de 13.6 pulgadas."
74,Apple,Apple MacBook Air M3 15 (8GB RAM),1320,Apple M3,8,8,Apple M3 GPU (10-core),0,False,False,1.58,15.3,Retina (2880x1864),0.95,3.87,Amazon.com,1121,1488,1312,Precio regular (Prom: $1312 USD),"[1488, 1450, 1367, 1312, 1148, 1320]",https://www.amazon.com/s?k=Apple+MacBook+Air+M3+15+8GB,https://www.amazon.com/s?k=Apple+MacBook+Air+M3+15+8GB,"Laptop Apple diseñada para uso tipo premium con procesador Apple M3, 8GB de memoria RAM y pantalla de 15.3 pulgadas."
75,Apple,Apple MacBook Pro 14 M3 Max (36GB RAM),3421,Apple M3 Max,14,36,Apple M3 Max GPU (30-core),0,False,False,1.69,14.2,Liquid Retina XDR (3024x1964),0.95,3.85,PC Componentes,3130,3757,3432,Precio regular (Prom: $3432 USD),"[3757, 3579, 3568, 3432, 3265, 3421]",https://www.pccomponentes.com/buscar/?query=laptop+Apple+MacBook+Pro+14+M3+Max+36GB,https://www.amazon.com/s?k=Apple+MacBook+Pro+14+M3+Max+36GB,"Laptop Apple diseñada para uso tipo workstation_apple con procesador Apple M3 Max, 36GB de memoria RAM y pantalla de 14.2 pulgadas."
76,Apple,Apple MacBook Pro 16 M3 Pro (18GB RAM),2370,Apple M3 Pro,12,18,Apple M3 Pro GPU (18-core),0,False,False,2.1,16.2,Liquid Retina XDR (3456x2234),0.95,4.6,PC Componentes,2147,2604,2373,Precio regular (Prom: $2373 USD),"[2604, 2498, 2457, 2373, 2268, 2370]",https://www.pccomponentes.com/buscar/?query=laptop+Apple+MacBook+Pro+16+M3+Pro+18GB,https://www.amazon.com/s?k=Apple+MacBook+Pro+16+M3+Pro+18GB,"Laptop Apple diseñada para uso tipo workstation_apple con procesador Apple M3 Pro, 18GB de memoria RAM y pantalla de 16.2 pulgadas."
77,Dell,Dell XPS 13 9315 (16GB RAM),1079,Intel Core i5-1230U,10,16,Intel Iris Xe,0,False,False,1.12,13.4,FHD (1920x1200),0.65,4.68,Amazon.com,939,1215,1078,Precio regular (Prom: $1078 USD),"[1215, 1169, 1121, 1078, 977, 1079]",https://www.amazon.com/s?k=Dell+XPS+13+9315+16GB,https://www.amazon.com/s?k=Dell+XPS+13+9315+16GB,"Laptop Dell diseñada para uso tipo premium con procesador Intel Core i5-1230U, 16GB de memoria RAM y pantalla de 13.4 pulgadas."
78,Dell,Dell XPS 15 9530 (32GB RAM),2310,Intel Core i7-13700H,14,32,NVIDIA RTX 4060,8,True,True,1.96,15.6,OLED 3.5K (3456x2160),0.5,4.34,Amazon.com,1983,2620,2306,Precio regular (Prom: $2306 USD),"[2620, 2534, 2360, 2306, 2081, 2310]",https://www.amazon.com/s?k=Dell+XPS+15+9530+32GB,https://www.amazon.com/s?k=Dell+XPS+15+9530+32GB,"Laptop Dell diseñada para uso tipo premium_work con procesador Intel Core i7-13700H, 32GB de memoria RAM y pantalla de 15.6 pulgadas."
79,Lenovo,Lenovo ThinkPad X1 Carbon Gen 11 (32GB RAM),1811,Intel Core i7-1365U,10,32,Intel Iris Xe,0,False,False,1.17,14.0,FHD (1920x1200),0.65,4.44,Falabella,1651,2099,1843,2% por debajo del promedio ($1843 USD),"[2099, 2007, 1884, 1843, 1700, 1811]",https://www.falabella.com.pe/falabella-pe/search?Ntt=laptop+Lenovo+ThinkPad+X1+Carbon+Gen+11+32GB,https://www.amazon.com/s?k=Lenovo+ThinkPad+X1+Carbon+Gen+11+32GB,"Laptop Lenovo diseñada para uso tipo premium_office con procesador Intel Core i7-1365U, 32GB de memoria RAM y pantalla de 14.0 pulgadas."
80,Lenovo,Lenovo Yoga Slim 7 (16GB RAM),880,AMD Ryzen 7 7840S,8,16,AMD Radeon 780M,0,False,False,1.37,14.5,3K (2944x1840),0.95,4.56,Amazon.com,792,959,878,Precio regular (Prom: $878 USD),"[959, 932, 900, 878, 822, 880]",https://www.amazon.com/s?k=Lenovo+Yoga+Slim+7+16GB,https://www.amazon.com/s?k=Lenovo+Yoga+Slim+7+16GB,"Laptop Lenovo diseñada para uso tipo premium con procesador AMD Ryzen 7 7840S, 16GB de memoria RAM y pantalla de 14.5 pulgadas."
81,HP,HP Spectre x360 14 (8GB RAM),1439,Intel Core i7-1355U,10,8,Intel Iris Xe,0,False,False,1.38,14.0,OLED 3K (2880x1800),0.95,4.28,Amazon.com,1298,1556,1433,Precio regular (Prom: $1433 USD),"[1556, 1515, 1480, 1433, 1361, 1439]",https://www.amazon.com/s?k=HP+Spectre+x360+14+8GB,https://www.amazon.com/s?k=HP+Spectre+x360+14+8GB,"Laptop HP diseñada para uso tipo premium con procesador Intel Core i7-1355U, 8GB de memoria RAM y pantalla de 14.0 pulgadas."
82,HP,HP Envy x360 15 (16GB RAM),890,AMD Ryzen 5 7530U,6,16,AMD Radeon Graphics,0,False,False,1.75,15.6,FHD (1920x1080),0.65,4.79,Falabella,776,1002,890,Precio regular (Prom: $890 USD),"[1002, 990, 904, 890, 810, 890]",https://www.falabella.com.pe/falabella-pe/search?Ntt=laptop+HP+Envy+x360+15+16GB,https://www.amazon.com/s?k=HP+Envy+x360+15+16GB,"Laptop HP diseñada para uso tipo premium_budget con procesador AMD Ryzen 5 7530U, 16GB de memoria RAM y pantalla de 15.6 pulgadas."
83,ASUS,ASUS Zenbook 14 OLED (32GB RAM),1021,Intel Core i7-1360P,12,32,Intel Iris Xe,0,False,False,1.44,14.0,OLED 2.8K (2880x1800),0.8,4.57,Falabella,866,1196,1026,Precio regular (Prom: $1026 USD),"[1196, 1174, 1037, 1026, 906, 1021]",https://www.falabella.com.pe/falabella-pe/search?Ntt=laptop+ASUS+Zenbook+14+OLED+32GB,https://www.amazon.com/s?k=ASUS+Zenbook+14+OLED+32GB,"Laptop ASUS diseñada para uso tipo premium con procesador Intel Core i7-1360P, 32GB de memoria RAM y pantalla de 14.0 pulgadas."
84,Acer,Acer Aspire 3 (8GB RAM),418,Intel Core i3-1215U,6,8,Intel UHD Graphics,0,False,False,1.77,15.6,FHD (1920x1080),0.65,4.21,PC Componentes,382,490,427,2% por debajo del promedio ($427 USD),"[490, 474, 433, 427, 405, 418]",https://www.pccomponentes.com/buscar/?query=laptop+Acer+Aspire+3+8GB,https://www.amazon.com/s?k=Acer+Aspire+3+8GB,"Laptop Acer diseñada para uso tipo budget con procesador Intel Core i3-1215U, 8GB de memoria RAM y pantalla de 15.6 pulgadas."
85,Acer,Acer Aspire 5 (8GB RAM),520,AMD Ryzen 5 7520U,4,8,AMD Radeon 610M,0,False,False,1.86,15.6,FHD (1920x1080),0.65,4.1,Amazon.com,446,593,520,Precio regular (Prom: $520 USD),"[593, 572, 541, 520, 459, 520]",https://www.amazon.com/s?k=Acer+Aspire+5+8GB,https://www.amazon.com/s?k=Acer+Aspire+5+8GB,"Laptop Acer diseñada para uso tipo budget con procesador AMD Ryzen 5 7520U, 8GB de memoria RAM y pantalla de 15.6 pulgadas."
86,Lenovo,Lenovo IdeaPad Slim 3 (16GB RAM),541,Intel Core i5-12450H,8,16,Intel UHD Graphics,0,False,False,1.56,15.6,FHD (1920x1080),0.65,4.18,Falabella,494,603,545,1% por debajo del promedio ($545 USD),"[603, 581, 567, 545, 513, 541]",https://www.falabella.com.pe/falabella-pe/search?Ntt=laptop+Lenovo+IdeaPad+Slim+3+16GB,https://www.amazon.com/s?k=Lenovo+IdeaPad+Slim+3+16GB,"Laptop Lenovo diseñada para uso tipo budget con procesador Intel Core i5-12450H, 16GB de memoria RAM y pantalla de 15.6 pulgadas."
87,Lenovo,Lenovo IdeaPad Flex 5 (32GB RAM),768,AMD Ryzen 7 7730U,8,32,AMD Radeon Graphics,0,False,False,1.49,14.0,FHD (1920x1200),0.65,4.0,Falabella,655,832,756,Precio regular (Prom: $756 USD),"[832, 801, 787, 756, 675, 768]",https://www.falabella.com.pe/falabella-pe/search?Ntt=laptop+Lenovo+IdeaPad+Flex+5+32GB,https://www.amazon.com/s?k=Lenovo+IdeaPad+Flex+5+32GB,"Laptop Lenovo diseñada para uso tipo budget_office con procesador AMD Ryzen 7 7730U, 32GB de memoria RAM y pantalla de 14.0 pulgadas."
88,HP,HP 15-dy2095la (8GB RAM),433,Intel Core i5-1135G7,4,8,Intel Iris Xe,0,False,False,1.71,15.6,FHD (1920x1080),0.65,3.91,MercadoLibre,369,486,430,Precio regular (Prom: $430 USD),"[486, 463, 451, 430, 384, 433]",https://listado.mercadolibre.com.pe/laptop-HP+15-dy2095la+8GB,https://www.amazon.com/s?k=HP+15-dy2095la+8GB,"Laptop HP diseñada para uso tipo budget con procesador Intel Core i5-1135G7, 8GB de memoria RAM y pantalla de 15.6 pulgadas."
89,Dell,Dell Inspiron 15 3520 (16GB RAM),504,Intel Core i5-1235U,10,16,Intel UHD Graphics,0,False,False,1.67,15.6,FHD (1920x1080),0.65,4.21,PC Componentes,437,568,503,Precio regular (Prom: $503 USD),"[568, 554, 516, 503, 460, 504]",https://www.pccomponentes.com/buscar/?query=laptop+Dell+Inspiron+15+3520+16GB,https://www.amazon.com/s?k=Dell+Inspiron+15+3520+16GB,"Laptop Dell diseñada para uso tipo budget con procesador Intel Core i5-1235U, 16GB de memoria RAM y pantalla de 15.6 pulgadas."
90,ASUS,ASUS Vivobook 15 (16GB RAM),489,Intel Core i3-1220P,10,16,Intel UHD Graphics,0,False,False,1.77,15.6,FHD (1920x1080),0.65,4.24,Falabella,428,548,488,Precio regular (Prom: $488 USD),"[548, 533, 496, 488, 440, 489]",https://www.falabella.com.pe/falabella-pe/search?Ntt=laptop+ASUS+Vivobook+15+16GB,https://www.amazon.com/s?k=ASUS+Vivobook+15+16GB,"Laptop ASUS diseñada para uso tipo budget con procesador Intel Core i3-1220P, 16GB de memoria RAM y pantalla de 15.6 pulgadas."
91,ASUS,ASUS ROG Strix G16 (16GB RAM),1775,Intel Core i9-13980HX,24,16,NVIDIA RTX 4070,8,True,True,2.41,16.0,QHD (2560x1600),0.8,4.02,Falabella,1549,1922,1755,Precio regular (Prom: $1755 USD),"[1922, 1838, 1823, 1755, 1621, 1775]",https://www.falabella.com.pe/falabella-pe/search?Ntt=laptop+ASUS+ROG+Strix+G16+16GB,https://www.amazon.com/s?k=ASUS+ROG+Strix+G16+16GB,"Laptop ASUS diseñada para uso tipo gaming con procesador Intel Core i9-13980HX, 16GB de memoria RAM y pantalla de 16.0 pulgadas."
92,ASUS,ASUS ROG Zephyrus G14 (32GB RAM),1813,AMD Ryzen 9 7940HS,8,32,NVIDIA RTX 4060,8,True,True,1.57,14.0,QHD (2560x1600),0.8,4.51,Amazon.com,1538,2103,1817,Precio regular (Prom: $1817 USD),"[2103, 2013, 1883, 1817, 1583, 1813]",https://www.amazon.com/s?k=ASUS+ROG+Zephyrus+G14+32GB,https://www.amazon.com/s?k=ASUS+ROG+Zephyrus+G14+32GB,"Laptop ASUS diseñada para uso tipo gaming_light con procesador AMD Ryzen 9 7940HS, 32GB de memoria RAM y pantalla de 14.0 pulgadas."
93,MSI,MSI Katana 15 (16GB RAM),1065,Intel Core i7-13620H,10,16,NVIDIA RTX 4060,8,True,True,2.17,15.6,FHD (1920x1080),0.65,4.42,PC Componentes,977,1251,1090,2% por debajo del promedio ($1090 USD),"[1251, 1196, 1119, 1090, 1009, 1065]",https://www.pccomponentes.com/buscar/?query=laptop+MSI+Katana+15+16GB,https://www.amazon.com/s?k=MSI+Katana+15+16GB,"Laptop MSI diseñada para uso tipo gaming con procesador Intel Core i7-13620H, 16GB de memoria RAM y pantalla de 15.6 pulgadas."
94,MSI,MSI Raider GE78 (8GB RAM),3224,Intel Core i9-13950HX,24,8,NVIDIA RTX 4090,16,True,True,3.07,17.3,UHD/4K (3840x2160),0.95,3.95,Amazon.com,2755,3670,3218,Precio regular (Prom: $3218 USD),"[3670, 3548, 3365, 3218, 2900, 3224]",https://www.amazon.com/s?k=MSI+Raider+GE78+8GB,https://www.amazon.com/s?k=MSI+Raider+GE78+8GB,"Laptop MSI diseñada para uso tipo gaming_ultra con procesador Intel Core i9-13950HX, 8GB de memoria RAM y pantalla de 17.3 pulgadas."
95,Lenovo,Lenovo Legion Pro 5 (16GB RAM),1361,AMD Ryzen 7 7745HX,8,16,NVIDIA RTX 4060,8,True,True,2.44,16.0,QHD (2560x1600),0.8,4.14,Amazon.com,1234,1517,1368,1% por debajo del promedio ($1368 USD),"[1517, 1488, 1402, 1368, 1301, 1361]",https://www.amazon.com/s?k=Lenovo+Legion+Pro+5+16GB,https://www.amazon.com/s?k=Lenovo+Legion+Pro+5+16GB,"Laptop Lenovo diseñada para uso tipo gaming con procesador AMD Ryzen 7 7745HX, 16GB de memoria RAM y pantalla de 16.0 pulgadas."
96,Lenovo,Lenovo Legion Slim 5 (8GB RAM),1349,AMD Ryzen 5 7640HS,6,8,NVIDIA RTX 4050,6,True,True,2.31,16.0,FHD (1920x1200),0.65,4.74,Amazon.com,1230,1565,1373,2% por debajo del promedio ($1373 USD),"[1565, 1513, 1388, 1373, 1268, 1349]",https://www.amazon.com/s?k=Lenovo+Legion+Slim+5+8GB,https://www.amazon.com/s?k=Lenovo+Legion+Slim+5+8GB,"Laptop Lenovo diseñada para uso tipo gaming con procesador AMD Ryzen 5 7640HS, 8GB de memoria RAM y pantalla de 16.0 pulgadas."
97,Razer,Razer Blade 16 (32GB RAM),3140,Intel Core i9-13950HX,24,32,NVIDIA RTX 4080,12,True,True,2.51,16.0,QHD (2560x1600),0.8,3.96,Falabella,2744,3433,3114,Precio regular (Prom: $3114 USD),"[3433, 3385, 3231, 3114, 2874, 3140]",https://www.falabella.com.pe/falabella-pe/search?Ntt=laptop+Razer+Blade+16+32GB,https://www.amazon.com/s?k=Razer+Blade+16+32GB,"Laptop Razer diseñada para uso tipo gaming_ultra con procesador Intel Core i9-13950HX, 32GB de memoria RAM y pantalla de 16.0 pulgadas."
98,Acer,Acer Predator Helios 16 (16GB RAM),1539,Intel Core i7-13700HX,16,16,NVIDIA RTX 4070,8,True,True,2.53,16.0,QHD (2560x1600),0.8,4.39,Amazon.com,1361,1762,1550,1% por debajo del promedio ($1550 USD),"[1762, 1732, 1578, 1550, 1389, 1539]",https://www.amazon.com/s?k=Acer+Predator+Helios+16+16GB,https://www.amazon.com/s?k=Acer+Predator+Helios+16+16GB,"Laptop Acer diseñada para uso tipo gaming con procesador Intel Core i7-13700HX, 16GB de memoria RAM y pantalla de 16.0 pulgadas."
99,Acer,Acer Nitro V 15 (16GB RAM),979,Intel Core i5-13420H,8,16,NVIDIA RTX 4050,6,True,True,2.15,15.6,FHD (1920x1080),0.65,4.58,Amazon.com,872,1106,984,1% por debajo del promedio ($984 USD),"[1106, 1076, 1027, 984, 904, 979]",https://www.amazon.com/s?k=Acer+Nitro+V+15+16GB,https://www.amazon.com/s?k=Acer+Nitro+V+15+16GB,"Laptop Acer diseñada para uso tipo gaming_budget con procesador Intel Core i5-13420H, 16GB de memoria RAM y pantalla de 15.6 pulgadas."
100,HP,HP Victus 16 (16GB RAM),954,Intel Core i7-13700H,14,16,NVIDIA RTX 4050,6,True,True,2.27,16.1,FHD (1920x1080),0.65,3.9,PC Componentes,808,1088,951,Precio regular (Prom: $951 USD),"[1088, 1044, 975, 951, 833, 954]",https://www.pccomponentes.com/buscar/?query=laptop+HP+Victus+16+16GB,https://www.amazon.com/s?k=HP+Victus+16+16GB,"Laptop HP diseñada para uso tipo gaming con procesador Intel Core i7-13700H, 16GB de memoria RAM y pantalla de 16.1 pulgadas."
101,HP,HP Omen 16 (32GB RAM),1734,AMD Ryzen 7 7840HS,8,32,NVIDIA RTX 4070,8,True,True,2.41,16.1,QHD (2560x1440),0.8,4.43,MercadoLibre,1512,2038,1754,1% por debajo del promedio ($1754 USD),"[2038, 1947, 1805, 1754, 1559, 1734]",https://listado.mercadolibre.com.pe/laptop-HP+Omen+16+32GB,https://www.amazon.com/s?k=HP+Omen+16+32GB,"Laptop HP diseñada para uso tipo gaming con procesador AMD Ryzen 7 7840HS, 32GB de memoria RAM y pantalla de 16.1 pulgadas."
102,Gigabyte,Gigabyte G5 KF (32GB RAM),971,Intel Core i5-12500H,12,32,NVIDIA RTX 4060,8,True,True,1.98,15.6,FHD (1920x1080),0.65,4.72,MercadoLibre,828,1109,970,Precio regular (Prom: $970 USD),"[1109, 1075, 993, 970, 856, 971]",https://listado.mercadolibre.com.pe/laptop-Gigabyte+G5+KF+32GB,https://www.amazon.com/s?k=Gigabyte+G5+KF+32GB,"Laptop Gigabyte diseñada para uso tipo gaming_budget con procesador Intel Core i5-12500H, 32GB de memoria RAM y pantalla de 15.6 pulgadas."
103,Apple,Apple MacBook Air M3 (16GB RAM),1252,Apple M3,8,16,Apple M3 GPU (8-core),0,False,False,1.2,13.6,Retina (2560x1664),0.95,4.25,Amazon.com,1059,1352,1229,Precio regular (Prom: $1229 USD),"[1352, 1337, 1242, 1229, 1085, 1252]",https://www.amazon.com/s?k=Apple+MacBook+Air+M3+16GB,https://www.amazon.com/s?k=Apple+MacBook+Air+M3+16GB,"Laptop Apple diseñada para uso tipo premium con procesador Apple M3, 16GB de memoria RAM y pantalla de 13.6 pulgadas."
104,Apple,Apple MacBook Air M3 15 (8GB RAM),1319,Apple M3,8,8,Apple M3 GPU (10-core),0,False,False,1.57,15.3,Retina (2880x1864),0.95,3.86,MercadoLibre,1155,1449,1310,Precio regular (Prom: $1310 USD),"[1449, 1408, 1369, 1310, 1212, 1319]",https://listado.mercadolibre.com.pe/laptop-Apple+MacBook+Air+M3+15+8GB,https://www.amazon.com/s?k=Apple+MacBook+Air+M3+15+8GB,"Laptop Apple diseñada para uso tipo premium con procesador Apple M3, 8GB de memoria RAM y pantalla de 15.3 pulgadas."
105,Apple,Apple MacBook Pro 14 M3 Max (36GB RAM),3366,Apple M3 Max,14,36,Apple M3 Max GPU (30-core),0,False,False,1.53,14.2,Liquid Retina XDR (3024x1964),0.95,4.46,MercadoLibre,3071,3853,3414,1% por debajo del promedio ($3414 USD),"[3853, 3767, 3455, 3414, 3215, 3366]",https://listado.mercadolibre.com.pe/laptop-Apple+MacBook+Pro+14+M3+Max+36GB,https://www.amazon.com/s?k=Apple+MacBook+Pro+14+M3+Max+36GB,"Laptop Apple diseñada para uso tipo workstation_apple con procesador Apple M3 Max, 36GB de memoria RAM y pantalla de 14.2 pulgadas."
106,Apple,Apple MacBook Pro 16 M3 Pro (18GB RAM),2594,Apple M3 Pro,12,18,Apple M3 Pro GPU (18-core),0,False,False,2.23,16.2,Liquid Retina XDR (3456x2234),0.95,3.92,Falabella,2369,2810,2592,Precio regular (Prom: $2592 USD),"[2810, 2748, 2649, 2592, 2504, 2594]",https://www.falabella.com.pe/falabella-pe/search?Ntt=laptop+Apple+MacBook+Pro+16+M3+Pro+18GB,https://www.amazon.com/s?k=Apple+MacBook+Pro+16+M3+Pro+18GB,"Laptop Apple diseñada para uso tipo workstation_apple con procesador Apple M3 Pro, 18GB de memoria RAM y pantalla de 16.2 pulgadas."
107,Dell,Dell XPS 13 9315 (16GB RAM),1153,Intel Core i5-1230U,10,16,Intel Iris Xe,0,False,False,1.18,13.4,FHD (1920x1200),0.65,4.59,Amazon.com,1011,1305,1156,Precio regular (Prom: $1156 USD),"[1305, 1273, 1198, 1156, 1046, 1153]",https://www.amazon.com/s?k=Dell+XPS+13+9315+16GB,https://www.amazon.com/s?k=Dell+XPS+13+9315+16GB,"Laptop Dell diseñada para uso tipo premium con procesador Intel Core i5-1230U, 16GB de memoria RAM y pantalla de 13.4 pulgadas."
108,Dell,Dell XPS 15 9530 (32GB RAM),2134,Intel Core i7-13700H,14,32,NVIDIA RTX 4060,8,True,True,1.88,15.6,OLED 3.5K (3456x2160),0.5,4.54,Amazon.com,1916,2319,2126,Precio regular (Prom: $2126 USD),"[2319, 2232, 2193, 2126, 2015, 2134]",https://www.amazon.com/s?k=Dell+XPS+15+9530+32GB,https://www.amazon.com/s?k=Dell+XPS+15+9530+32GB,"Laptop Dell diseñada para uso tipo premium_work con procesador Intel Core i7-13700H, 32GB de memoria RAM y pantalla de 15.6 pulgadas."
109,Lenovo,Lenovo ThinkPad X1 Carbon Gen 11 (8GB RAM),1860,Intel Core i7-1365U,10,8,Intel Iris Xe,0,False,False,1.21,14.0,FHD (1920x1200),0.65,4.44,Amazon.com,1566,2171,1864,Precio regular (Prom: $1864 USD),"[2171, 2064, 1948, 1864, 1630, 1860]",https://www.amazon.com/s?k=Lenovo+ThinkPad+X1+Carbon+Gen+11+8GB,https://www.amazon.com/s?k=Lenovo+ThinkPad+X1+Carbon+Gen+11+8GB,"Laptop Lenovo diseñada para uso tipo premium_office con procesador Intel Core i7-1365U, 8GB de memoria RAM y pantalla de 14.0 pulgadas."
110,Lenovo,Lenovo Yoga Slim 7 (32GB RAM),1112,AMD Ryzen 7 7840S,8,32,AMD Radeon 780M,0,False,False,1.33,14.5,3K (2944x1840),0.95,3.71,Amazon.com,942,1205,1093,Precio regular (Prom: $1093 USD),"[1205, 1168, 1129, 1093, 971, 1112]",https://www.amazon.com/s?k=Lenovo+Yoga+Slim+7+32GB,https://www.amazon.com/s?k=Lenovo+Yoga+Slim+7+32GB,"Laptop Lenovo diseñada para uso tipo premium con procesador AMD Ryzen 7 7840S, 32GB de memoria RAM y pantalla de 14.5 pulgadas."
111,HP,HP Spectre x360 14 (32GB RAM),1436,Intel Core i7-1355U,10,32,Intel Iris Xe,0,False,False,1.31,14.0,OLED 3K (2880x1800),0.95,4.21,PC Componentes,1234,1567,1418,Precio regular (Prom: $1418 USD),"[1567, 1511, 1448, 1418, 1273, 1436]",https://www.pccomponentes.com/buscar/?query=laptop+HP+Spectre+x360+14+32GB,https://www.amazon.com/s?k=HP+Spectre+x360+14+32GB,"Laptop HP diseñada para uso tipo premium con procesador Intel Core i7-1355U, 32GB de memoria RAM y pantalla de 14.0 pulgadas."
112,HP,HP Envy x360 15 (8GB RAM),724,AMD Ryzen 5 7530U,6,8,AMD Radeon Graphics,0,False,False,1.7,15.6,FHD (1920x1080),0.65,4.79,Amazon.com,615,810,718,Precio regular (Prom: $718 USD),"[810, 774, 753, 718, 647, 724]",https://www.amazon.com/s?k=HP+Envy+x360+15+8GB,https://www.amazon.com/s?k=HP+Envy+x360+15+8GB,"Laptop HP diseñada para uso tipo premium_budget con procesador AMD Ryzen 5 7530U, 8GB de memoria RAM y pantalla de 15.6 pulgadas."
113,ASUS,ASUS Zenbook 14 OLED (32GB RAM),1017,Intel Core i7-1360P,12,32,Intel Iris Xe,0,False,False,1.48,14.0,OLED 2.8K (2880x1800),0.8,4.75,MercadoLibre,892,1161,1022,Precio regular (Prom: $1022 USD),"[1161, 1111, 1073, 1022, 918, 1017]",https://listado.mercadolibre.com.pe/laptop-ASUS+Zenbook+14+OLED+32GB,https://www.amazon.com/s?k=ASUS+Zenbook+14+OLED+32GB,"Laptop ASUS diseñada para uso tipo premium con procesador Intel Core i7-1360P, 32GB de memoria RAM y pantalla de 14.0 pulgadas."
114,Acer,Acer Aspire 3 (8GB RAM),441,Intel Core i3-1215U,6,8,Intel UHD Graphics,0,False,False,1.76,15.6,FHD (1920x1080),0.65,4.7,Amazon.com,372,493,437,Precio regular (Prom: $437 USD),"[493, 469, 458, 437, 392, 441]",https://www.amazon.com/s?k=Acer+Aspire+3+8GB,https://www.amazon.com/s?k=Acer+Aspire+3+8GB,"Laptop Acer diseñada para uso tipo budget con procesador Intel Core i3-1215U, 8GB de memoria RAM y pantalla de 15.6 pulgadas."
115,Acer,Acer Aspire 5 (16GB RAM),617,AMD Ryzen 5 7520U,4,16,AMD Radeon 610M,0,False,False,1.73,15.6,FHD (1920x1080),0.65,4.76,MercadoLibre,567,677,620,Precio regular (Prom: $620 USD),"[677, 654, 645, 620, 594, 617]",https://listado.mercadolibre.com.pe/laptop-Acer+Aspire+5+16GB,https://www.amazon.com/s?k=Acer+Aspire+5+16GB,"Laptop Acer diseñada para uso tipo budget con procesador AMD Ryzen 5 7520U, 16GB de memoria RAM y pantalla de 15.6 pulgadas."
116,Lenovo,Lenovo IdeaPad Slim 3 (12GB RAM),542,Intel Core i5-12450H,8,12,Intel UHD Graphics,0,False,False,1.57,15.6,FHD (1920x1080),0.65,4.45,PC Componentes,457,634,544,Precio regular (Prom: $544 USD),"[634, 624, 559, 544, 473, 542]",https://www.pccomponentes.com/buscar/?query=laptop+Lenovo+IdeaPad+Slim+3+12GB,https://www.amazon.com/s?k=Lenovo+IdeaPad+Slim+3+12GB,"Laptop Lenovo diseñada para uso tipo budget con procesador Intel Core i5-12450H, 12GB de memoria RAM y pantalla de 15.6 pulgadas."
117,Lenovo,Lenovo IdeaPad Flex 5 (32GB RAM),772,AMD Ryzen 7 7730U,8,32,AMD Radeon Graphics,0,False,False,1.52,14.0,FHD (1920x1200),0.65,4.85,MercadoLibre,698,884,782,1% por debajo del promedio ($782 USD),"[884, 859, 793, 782, 723, 772]",https://listado.mercadolibre.com.pe/laptop-Lenovo+IdeaPad+Flex+5+32GB,https://www.amazon.com/s?k=Lenovo+IdeaPad+Flex+5+32GB,"Laptop Lenovo diseñada para uso tipo budget_office con procesador AMD Ryzen 7 7730U, 32GB de memoria RAM y pantalla de 14.0 pulgadas."
118,HP,HP 15-dy2095la (8GB RAM),437,Intel Core i5-1135G7,4,8,Intel Iris Xe,0,False,False,1.77,15.6,FHD (1920x1080),0.65,3.76,Falabella,401,477,438,Precio regular (Prom: $438 USD),"[477, 470, 460, 438, 410, 437]",https://www.falabella.com.pe/falabella-pe/search?Ntt=laptop+HP+15-dy2095la+8GB,https://www.amazon.com/s?k=HP+15-dy2095la+8GB,"Laptop HP diseñada para uso tipo budget con procesador Intel Core i5-1135G7, 8GB de memoria RAM y pantalla de 15.6 pulgadas."
119,Dell,Dell Inspiron 15 3520 (16GB RAM),553,Intel Core i5-1235U,10,16,Intel UHD Graphics,0,False,False,1.68,15.6,FHD (1920x1080),0.65,4.69,Amazon.com,495,629,558,1% por debajo del promedio ($558 USD),"[629, 604, 583, 558, 521, 553]",https://www.amazon.com/s?k=Dell+Inspiron+15+3520+16GB,https://www.amazon.com/s?k=Dell+Inspiron+15+3520+16GB,"Laptop Dell diseñada para uso tipo budget con procesador Intel Core i5-1235U, 16GB de memoria RAM y pantalla de 15.6 pulgadas."
120,ASUS,ASUS Vivobook 15 (16GB RAM),545,Intel Core i3-1220P,10,16,Intel UHD Graphics,0,False,False,1.78,15.6,FHD (1920x1080),0.65,3.89,Amazon.com,468,639,549,1% por debajo del promedio ($549 USD),"[639, 610, 570, 549, 481, 545]",https://www.amazon.com/s?k=ASUS+Vivobook+15+16GB,https://www.amazon.com/s?k=ASUS+Vivobook+15+16GB,"Laptop ASUS diseñada para uso tipo budget con procesador Intel Core i3-1220P, 16GB de memoria RAM y pantalla de 15.6 pulgadas."
121,ASUS,ASUS ROG Strix G16 (8GB RAM),1735,Intel Core i9-13980HX,24,8,NVIDIA RTX 4070,8,True,True,2.57,16.0,QHD (2560x1600),0.8,3.74,PC Componentes,1475,1932,1719,Precio regular (Prom: $1719 USD),"[1932, 1893, 1747, 1719, 1553, 1735]",https://www.pccomponentes.com/buscar/?query=laptop+ASUS+ROG+Strix+G16+8GB,https://www.amazon.com/s?k=ASUS+ROG+Strix+G16+8GB,"Laptop ASUS diseñada para uso tipo gaming con procesador Intel Core i9-13980HX, 8GB de memoria RAM y pantalla de 16.0 pulgadas."
122,ASUS,ASUS ROG Zephyrus G14 (32GB RAM),1920,AMD Ryzen 9 7940HS,8,32,NVIDIA RTX 4060,8,True,True,1.71,14.0,QHD (2560x1600),0.8,3.93,Amazon.com,1663,2181,1921,Precio regular (Prom: $1921 USD),"[2181, 2082, 1969, 1921, 1697, 1920]",https://www.amazon.com/s?k=ASUS+ROG+Zephyrus+G14+32GB,https://www.amazon.com/s?k=ASUS+ROG+Zephyrus+G14+32GB,"Laptop ASUS diseñada para uso tipo gaming_light con procesador AMD Ryzen 9 7940HS, 32GB de memoria RAM y pantalla de 14.0 pulgadas."
123,MSI,MSI Katana 15 (32GB RAM),1116,Intel Core i7-13620H,10,32,NVIDIA RTX 4060,8,True,True,2.34,15.6,FHD (1920x1080),0.65,4.61,Falabella,1023,1243,1124,1% por debajo del promedio ($1124 USD),"[1243, 1212, 1177, 1124, 1048, 1116]",https://www.falabella.com.pe/falabella-pe/search?Ntt=laptop+MSI+Katana+15+32GB,https://www.amazon.com/s?k=MSI+Katana+15+32GB,"Laptop MSI diseñada para uso tipo gaming con procesador Intel Core i7-13620H, 32GB de memoria RAM y pantalla de 15.6 pulgadas."
124,MSI,MSI Raider GE78 (16GB RAM),3300,Intel Core i9-13950HX,24,16,NVIDIA RTX 4090,16,True,True,3.17,17.3,UHD/4K (3840x2160),0.95,4.84,Amazon.com,2976,3798,3344,1% por debajo del promedio ($3344 USD),"[3798, 3680, 3385, 3344, 3044, 3300]",https://www.amazon.com/s?k=MSI+Raider+GE78+16GB,https://www.amazon.com/s?k=MSI+Raider+GE78+16GB,"Laptop MSI diseñada para uso tipo gaming_ultra con procesador Intel Core i9-13950HX, 16GB de memoria RAM y pantalla de 17.3 pulgadas."
125,Lenovo,Lenovo Legion Pro 5 (32GB RAM),1655,AMD Ryzen 7 7745HX,8,32,NVIDIA RTX 4060,8,True,True,2.5,16.0,QHD (2560x1600),0.8,4.86,PC Componentes,1407,1913,1658,Precio regular (Prom: $1658 USD),"[1913, 1819, 1676, 1658, 1453, 1655]",https://www.pccomponentes.com/buscar/?query=laptop+Lenovo+Legion+Pro+5+32GB,https://www.amazon.com/s?k=Lenovo+Legion+Pro+5+32GB,"Laptop Lenovo diseñada para uso tipo gaming con procesador AMD Ryzen 7 7745HX, 32GB de memoria RAM y pantalla de 16.0 pulgadas."
126,Lenovo,Lenovo Legion Slim 5 (16GB RAM),1343,AMD Ryzen 5 7640HS,6,16,NVIDIA RTX 4050,6,True,True,2.37,16.0,FHD (1920x1200),0.65,3.7,Amazon.com,1178,1577,1360,1% por debajo del promedio ($1360 USD),"[1577, 1505, 1420, 1360, 1226, 1343]",https://www.amazon.com/s?k=Lenovo+Legion+Slim+5+16GB,https://www.amazon.com/s?k=Lenovo+Legion+Slim+5+16GB,"Laptop Lenovo diseñada para uso tipo gaming con procesador AMD Ryzen 5 7640HS, 16GB de memoria RAM y pantalla de 16.0 pulgadas."
127,Razer,Razer Blade 16 (16GB RAM),2861,Intel Core i9-13950HX,24,16,NVIDIA RTX 4080,12,True,True,2.53,16.0,QHD (2560x1600),0.8,4.63,Amazon.com,2433,3338,2873,Precio regular (Prom: $2873 USD),"[3338, 3300, 2905, 2873, 2553, 2861]",https://www.amazon.com/s?k=Razer+Blade+16+16GB,https://www.amazon.com/s?k=Razer+Blade+16+16GB,"Laptop Razer diseñada para uso tipo gaming_ultra con procesador Intel Core i9-13950HX, 16GB de memoria RAM y pantalla de 16.0 pulgadas."
128,Acer,Acer Predator Helios 16 (16GB RAM),1637,Intel Core i7-13700HX,16,16,NVIDIA RTX 4070,8,True,True,2.67,16.0,QHD (2560x1600),0.8,4.61,Amazon.com,1416,1820,1628,Precio regular (Prom: $1628 USD),"[1820, 1782, 1693, 1628, 1456, 1637]",https://www.amazon.com/s?k=Acer+Predator+Helios+16+16GB,https://www.amazon.com/s?k=Acer+Predator+Helios+16+16GB,"Laptop Acer diseñada para uso tipo gaming con procesador Intel Core i7-13700HX, 16GB de memoria RAM y pantalla de 16.0 pulgadas."
129,Acer,Acer Nitro V 15 (16GB RAM),946,Intel Core i5-13420H,8,16,NVIDIA RTX 4050,6,True,True,2.17,15.6,FHD (1920x1080),0.65,4.74,Amazon.com,868,1039,950,Precio regular (Prom: $950 USD),"[1039, 1023, 989, 950, 912, 946]",https://www.amazon.com/s?k=Acer+Nitro+V+15+16GB,https://www.amazon.com/s?k=Acer+Nitro+V+15+16GB,"Laptop Acer diseñada para uso tipo gaming_budget con procesador Intel Core i5-13420H, 16GB de memoria RAM y pantalla de 15.6 pulgadas."
130,HP,HP Victus 16 (32GB RAM),1104,Intel Core i7-13700H,14,32,NVIDIA RTX 4050,6,True,True,2.32,16.1,FHD (1920x1080),0.65,4.66,Amazon.com,1008,1299,1129,2% por debajo del promedio ($1129 USD),"[1299, 1244, 1161, 1129, 1028, 1104]",https://www.amazon.com/s?k=HP+Victus+16+32GB,https://www.amazon.com/s?k=HP+Victus+16+32GB,"Laptop HP diseñada para uso tipo gaming con procesador Intel Core i7-13700H, 32GB de memoria RAM y pantalla de 16.1 pulgadas."
131,HP,HP Omen 16 (8GB RAM),1573,AMD Ryzen 7 7840HS,8,8,NVIDIA RTX 4070,8,True,True,2.39,16.1,QHD (2560x1440),0.8,3.94,Amazon.com,1329,1790,1566,Precio regular (Prom: $1566 USD),"[1790, 1720, 1632, 1566, 1372, 1573]",https://www.amazon.com/s?k=HP+Omen+16+8GB,https://www.amazon.com/s?k=HP+Omen+16+8GB,"Laptop HP diseñada para uso tipo gaming con procesador AMD Ryzen 7 7840HS, 8GB de memoria RAM y pantalla de 16.1 pulgadas."
132,Gigabyte,Gigabyte G5 KF (16GB RAM),867,Intel Core i5-12500H,12,16,NVIDIA RTX 4060,8,True,True,2.08,15.6,FHD (1920x1080),0.65,4.52,Amazon.com,796,999,882,2% por debajo del promedio ($882 USD),"[999, 975, 918, 882, 842, 867]",https://www.amazon.com/s?k=Gigabyte+G5+KF+16GB,https://www.amazon.com/s?k=Gigabyte+G5+KF+16GB,"Laptop Gigabyte diseñada para uso tipo gaming_budget con procesador Intel Core i5-12500H, 16GB de memoria RAM y pantalla de 15.6 pulgadas."
133,Apple,Apple MacBook Air M3 (24GB RAM),1342,Apple M3,8,24,Apple M3 GPU (8-core),0,False,False,1.25,13.6,Retina (2560x1664),0.95,3.83,Amazon.com,1233,1468,1346,Precio regular (Prom: $1346 USD),"[1468, 1424, 1393, 1346, 1292, 1342]",https://www.amazon.com/s?k=Apple+MacBook+Air+M3+24GB,https://www.amazon.com/s?k=Apple+MacBook+Air+M3+24GB,"Laptop Apple diseñada para uso tipo premium con procesador Apple M3, 24GB de memoria RAM y pantalla de 13.6 pulgadas."
134,Apple,Apple MacBook Air M3 15 (8GB RAM),1125,Apple M3,8,8,Apple M3 GPU (10-core),0,False,False,1.52,15.3,Retina (2880x1864),0.95,4.32,Amazon.com,977,1219,1112,Precio regular (Prom: $1112 USD),"[1219, 1162, 1141, 1112, 1002, 1125]",https://www.amazon.com/s?k=Apple+MacBook+Air+M3+15+8GB,https://www.amazon.com/s?k=Apple+MacBook+Air+M3+15+8GB,"Laptop Apple diseñada para uso tipo premium con procesador Apple M3, 8GB de memoria RAM y pantalla de 15.3 pulgadas."
135,Apple,Apple MacBook Pro 14 M3 Max (36GB RAM),3385,Apple M3 Max,14,36,Apple M3 Max GPU (30-core),0,False,False,1.64,14.2,Liquid Retina XDR (3024x1964),0.95,4.69,Amazon.com,3025,3978,3443,2% por debajo del promedio ($3443 USD),"[3978, 3799, 3601, 3443, 3157, 3385]",https://www.amazon.com/s?k=Apple+MacBook+Pro+14+M3+Max+36GB,https://www.amazon.com/s?k=Apple+MacBook+Pro+14+M3+Max+36GB,"Laptop Apple diseñada para uso tipo workstation_apple con procesador Apple M3 Max, 36GB de memoria RAM y pantalla de 14.2 pulgadas."
136,Apple,Apple MacBook Pro 16 M3 Pro (18GB RAM),2606,Apple M3 Pro,12,18,Apple M3 Pro GPU (18-core),0,False,False,2.22,16.2,Liquid Retina XDR (3456x2234),0.95,4.55,MercadoLibre,2338,3023,2643,1% por debajo del promedio ($2643 USD),"[3023, 2913, 2756, 2643, 2392, 2606]",https://listado.mercadolibre.com.pe/laptop-Apple+MacBook+Pro+16+M3+Pro+18GB,https://www.amazon.com/s?k=Apple+MacBook+Pro+16+M3+Pro+18GB,"Laptop Apple diseñada para uso tipo workstation_apple con procesador Apple M3 Pro, 18GB de memoria RAM y pantalla de 16.2 pulgadas."
137,Dell,Dell XPS 13 9315 (16GB RAM),1071,Intel Core i5-1230U,10,16,Intel Iris Xe,0,False,False,1.2,13.4,FHD (1920x1200),0.65,4.64,Amazon.com,903,1174,1055,Precio regular (Prom: $1055 USD),"[1174, 1136, 1096, 1055, 942, 1071]",https://www.amazon.com/s?k=Dell+XPS+13+9315+16GB,https://www.amazon.com/s?k=Dell+XPS+13+9315+16GB,"Laptop Dell diseñada para uso tipo premium con procesador Intel Core i5-1230U, 16GB de memoria RAM y pantalla de 13.4 pulgadas."
138,Dell,Dell XPS 15 9530 (32GB RAM),2133,Intel Core i7-13700H,14,32,NVIDIA RTX 4060,8,True,True,1.93,15.6,OLED 3.5K (3456x2160),0.5,3.96,MercadoLibre,1849,2342,2114,Precio regular (Prom: $2114 USD),"[2342, 2299, 2191, 2114, 1923, 2133]",https://listado.mercadolibre.com.pe/laptop-Dell+XPS+15+9530+32GB,https://www.amazon.com/s?k=Dell+XPS+15+9530+32GB,"Laptop Dell diseñada para uso tipo premium_work con procesador Intel Core i7-13700H, 32GB de memoria RAM y pantalla de 15.6 pulgadas."
139,Lenovo,Lenovo ThinkPad X1 Carbon Gen 11 (16GB RAM),1936,Intel Core i7-1365U,10,16,Intel Iris Xe,0,False,False,1.06,14.0,FHD (1920x1200),0.65,4.1,Falabella,1703,2107,1920,Precio regular (Prom: $1920 USD),"[2107, 2036, 1956, 1920, 1766, 1936]",https://www.falabella.com.pe/falabella-pe/search?Ntt=laptop+Lenovo+ThinkPad+X1+Carbon+Gen+11+16GB,https://www.amazon.com/s?k=Lenovo+ThinkPad+X1+Carbon+Gen+11+16GB,"Laptop Lenovo diseñada para uso tipo premium_office con procesador Intel Core i7-1365U, 16GB de memoria RAM y pantalla de 14.0 pulgadas."
140,Lenovo,Lenovo Yoga Slim 7 (8GB RAM),990,AMD Ryzen 7 7840S,8,8,AMD Radeon 780M,0,False,False,1.26,14.5,3K (2944x1840),0.95,4.74,PC Componentes,890,1111,995,1% por debajo del promedio ($995 USD),"[1111, 1071, 1020, 995, 943, 990]",https://www.pccomponentes.com/buscar/?query=laptop+Lenovo+Yoga+Slim+7+8GB,https://www.amazon.com/s?k=Lenovo+Yoga+Slim+7+8GB,"Laptop Lenovo diseñada para uso tipo premium con procesador AMD Ryzen 7 7840S, 8GB de memoria RAM y pantalla de 14.5 pulgadas."
141,HP,HP Spectre x360 14 (8GB RAM),1542,Intel Core i7-1355U,10,8,Intel Iris Xe,0,False,False,1.38,14.0,OLED 3K (2880x1800),0.95,4.23,PC Componentes,1355,1800,1560,1% por debajo del promedio ($1560 USD),"[1800, 1775, 1602, 1560, 1397, 1542]",https://www.pccomponentes.com/buscar/?query=laptop+HP+Spectre+x360+14+8GB,https://www.amazon.com/s?k=HP+Spectre+x360+14+8GB,"Laptop HP diseñada para uso tipo premium con procesador Intel Core i7-1355U, 8GB de memoria RAM y pantalla de 14.0 pulgadas."
142,HP,HP Envy x360 15 (32GB RAM),992,AMD Ryzen 5 7530U,6,32,AMD Radeon Graphics,0,False,False,1.7,15.6,FHD (1920x1080),0.65,4.45,Falabella,891,1084,990,Precio regular (Prom: $990 USD),"[1084, 1061, 1036, 990, 915, 992]",https://www.falabella.com.pe/falabella-pe/search?Ntt=laptop+HP+Envy+x360+15+32GB,https://www.amazon.com/s?k=HP+Envy+x360+15+32GB,"Laptop HP diseñada para uso tipo premium_budget con procesador AMD Ryzen 5 7530U, 32GB de memoria RAM y pantalla de 15.6 pulgadas."
143,ASUS,ASUS Zenbook 14 OLED (32GB RAM),1092,Intel Core i7-1360P,12,32,Intel Iris Xe,0,False,False,1.42,14.0,OLED 2.8K (2880x1800),0.8,4.2,Amazon.com,955,1190,1082,Precio regular (Prom: $1082 USD),"[1190, 1150, 1118, 1082, 996, 1092]",https://www.amazon.com/s?k=ASUS+Zenbook+14+OLED+32GB,https://www.amazon.com/s?k=ASUS+Zenbook+14+OLED+32GB,"Laptop ASUS diseñada para uso tipo premium con procesador Intel Core i7-1360P, 32GB de memoria RAM y pantalla de 14.0 pulgadas."
144,Acer,Acer Aspire 3 (8GB RAM),394,Intel Core i3-1215U,6,8,Intel UHD Graphics,0,False,False,1.79,15.6,FHD (1920x1080),0.65,4.17,MercadoLibre,339,451,394,Precio regular (Prom: $394 USD),"[451, 434, 410, 394, 348, 394]",https://listado.mercadolibre.com.pe/laptop-Acer+Aspire+3+8GB,https://www.amazon.com/s?k=Acer+Aspire+3+8GB,"Laptop Acer diseñada para uso tipo budget con procesador Intel Core i3-1215U, 8GB de memoria RAM y pantalla de 15.6 pulgadas."
145,Acer,Acer Aspire 5 (16GB RAM),596,AMD Ryzen 5 7520U,4,16,AMD Radeon 610M,0,False,False,1.82,15.6,FHD (1920x1080),0.65,4.76,Amazon.com,516,670,594,Precio regular (Prom: $594 USD),"[670, 654, 603, 594, 536, 596]",https://www.amazon.com/s?k=Acer+Aspire+5+16GB,https://www.amazon.com/s?k=Acer+Aspire+5+16GB,"Laptop Acer diseñada para uso tipo budget con procesador AMD Ryzen 5 7520U, 16GB de memoria RAM y pantalla de 15.6 pulgadas."
146,Lenovo,Lenovo IdeaPad Slim 3 (8GB RAM),533,Intel Core i5-12450H,8,8,Intel UHD Graphics,0,False,False,1.68,15.6,FHD (1920x1080),0.65,3.9,Amazon.com,449,615,532,Precio regular (Prom: $532 USD),"[615, 601, 547, 532, 473, 533]",https://www.amazon.com/s?k=Lenovo+IdeaPad+Slim+3+8GB,https://www.amazon.com/s?k=Lenovo+IdeaPad+Slim+3+8GB,"Laptop Lenovo diseñada para uso tipo budget con procesador Intel Core i5-12450H, 8GB de memoria RAM y pantalla de 15.6 pulgadas."
147,Lenovo,Lenovo IdeaPad Flex 5 (32GB RAM),788,AMD Ryzen 7 7730U,8,32,AMD Radeon Graphics,0,False,False,1.58,14.0,FHD (1920x1200),0.65,4.37,Falabella,664,929,792,1% por debajo del promedio ($792 USD),"[929, 887, 807, 792, 679, 788]",https://www.falabella.com.pe/falabella-pe/search?Ntt=laptop+Lenovo+IdeaPad+Flex+5+32GB,https://www.amazon.com/s?k=Lenovo+IdeaPad+Flex+5+32GB,"Laptop Lenovo diseñada para uso tipo budget_office con procesador AMD Ryzen 7 7730U, 32GB de memoria RAM y pantalla de 14.0 pulgadas."
148,HP,HP 15-dy2095la (8GB RAM),434,Intel Core i5-1135G7,4,8,Intel Iris Xe,0,False,False,1.59,15.6,FHD (1920x1080),0.65,4.82,Amazon.com,382,471,430,Precio regular (Prom: $430 USD),"[471, 450, 451, 430, 404, 434]",https://www.amazon.com/s?k=HP+15-dy2095la+8GB,https://www.amazon.com/s?k=HP+15-dy2095la+8GB,"Laptop HP diseñada para uso tipo budget con procesador Intel Core i5-1135G7, 8GB de memoria RAM y pantalla de 15.6 pulgadas."
149,Dell,Dell Inspiron 15 3520 (12GB RAM),577,Intel Core i5-1235U,10,12,Intel UHD Graphics,0,False,False,1.58,15.6,FHD (1920x1080),0.65,4.87,Falabella,496,653,576,Precio regular (Prom: $576 USD),"[653, 629, 594, 576, 508, 577]",https://www.falabella.com.pe/falabella-pe/search?Ntt=laptop+Dell+Inspiron+15+3520+12GB,https://www.amazon.com/s?k=Dell+Inspiron+15+3520+12GB,"Laptop Dell diseñada para uso tipo budget con procesador Intel Core i5-1235U, 12GB de memoria RAM y pantalla de 15.6 pulgadas."
150,ASUS,ASUS Vivobook 15 (12GB RAM),455,Intel Core i3-1220P,10,12,Intel UHD Graphics,0,False,False,1.64,15.6,FHD (1920x1080),0.65,3.94,Falabella,418,496,456,Precio regular (Prom: $456 USD),"[496, 485, 469, 456, 441, 455]",https://www.falabella.com.pe/falabella-pe/search?Ntt=laptop+ASUS+Vivobook+15+12GB,https://www.amazon.com/s?k=ASUS+Vivobook+15+12GB,"Laptop ASUS diseñada para uso tipo budget con procesador Intel Core i3-1220P, 12GB de memoria RAM y pantalla de 15.6 pulgadas."
